Date, Market Mood Index, Nifty Index
10/11/2021,38.92631229330787,18017.2
09/11/2021,39.66107861355399,18044.25
08/11/2021,31.190007110672248,18068.55
03/11/2021,26.873659133371575,17829.2
03/11/2021,27.8780952170844,17829.2
02/11/2021,30.73744499054669,17888.95
01/11/2021,28.26070508596131,17929.65
29/10/2021,24.068052834307046,17671.65
28/10/2021,30.242657928611365,17857.25
27/10/2021,38.94508254761726,18210.95
26/10/2021,41.226342080564216,18268.4
25/10/2021,41.37274915457675,18125.4
22/10/2021,44.36249976583761,18114.9
21/10/2021,50.44581503046335,18178.1
20/10/2021,49.81882013493076,18266.6
19/10/2021,58.34034229787051,18418.75
18/10/2021,69.52907386493698,18477.05
14/10/2021,54.72902965497032,18338.55
13/10/2021,49.463897640928636,18161.75
12/10/2021,45.767484845986885,17991.95
11/10/2021,44.71076871062604,17945.95
08/10/2021,42.358793752740894,17895.2
07/10/2021,35.52266812181618,17790.35
06/10/2021,40.85361105053241,17646
05/10/2021,47.702692421575236,17822.3
04/10/2021,42.89204262256659,17691.25
01/10/2021,40.27956740446634,17532.05
30/09/2021,42.24073355878315,17618.15
29/09/2021,42.583611823452785,17711.3
28/09/2021,44.055617995755156,17748.6
27/09/2021,48.390466787020976,17855.1
24/09/2021,50.89760854513864,17853.2
24/09/2021,51.060653883183136,17853.2
23/09/2021,46.309303596939685,17822.95
22/09/2021,47.79703424180476,17546.65
21/09/2021,49.37652693279011,17562
20/09/2021,40.92484857741724,17396.9
17/09/2021,50.163488512646964,17585.15
16/09/2021,62.95089105746523,17629.5
15/09/2021,64.11352106307717,17519.45
14/09/2021,60.06319868252673,17380
13/09/2021,65.2239483932643,17355.3
09/09/2021,67.88861379829001,17369.25
08/09/2021,66.61909163848668,17353.5
07/09/2021,70.40438712720203,17362.1
06/09/2021,71.02135410295176,17377.8
03/09/2021,72.22384881527228,17323.6
02/09/2021,70.14167856163142,17234.15
01/09/2021,67.49511038150831,17076.25
31/08/2021,61.82914009674799,17132.2
30/08/2021,51.557563576801115,16931.05
27/08/2021,40.015278053863796,16705.2
26/08/2021,36.378175586594516,16636.9
25/08/2021,41.61174489699994,16634.65
24/08/2021,44.328347393229286,16624.6
23/08/2021,41.802068939121284,16496.45
20/08/2021,49.28717563966198,16450.5
18/08/2021,53.6921265543966,16568.85
17/08/2021,53.57295962790885,16614.6
16/08/2021,52.17460287873881,16563.05
13/08/2021,49.615675699038896,16529.1
12/08/2021,53.77942429653076,16364.4
11/08/2021,50.27679720717403,16282.25
10/08/2021,44.2795433604135,16280.1
09/08/2021,48.83853794878917,16258.25
06/08/2021,49.16368956584637,16238.2
05/08/2021,44.09200331585758,16294.6
04/08/2021,47.784873925118006,16258.8
03/08/2021,46.699054738000896,16130.75
02/08/2021,40.626363066200625,15885.15
30/07/2021,38.7348580140899,15763.05
29/07/2021,33.98754168391931,15778.45
28/07/2021,32.8919758820674,15709.4
27/07/2021,41.283867002393805,15746.45
26/07/2021,37.99599090191255,15824.45
23/07/2021,36.31261917014641,15856.05
22/07/2021,34.85557288801709,15824.05
20/07/2021,33.49420813093316,15632.1
19/07/2021,51.521003961854944,15752.4
16/07/2021,59.64251895910723,15923.4
15/07/2021,52.207841988360336,15924.2
14/07/2021,49.228503495786555,15853.95
13/07/2021,50.53623011462139,15812.35
12/07/2021,46.641728694228576,15692.6
09/07/2021,44.62834838846128,15689.8
08/07/2021,52.356862035466754,15727.9
07/07/2021,54.58847845319845,15879.65
06/07/2021,61.349399839866436,15818.25
05/07/2021,66.21709160212714,15834.35
02/07/2021,58.13851219757245,15722.2
01/07/2021,58.20990492238141,15680
30/06/2021,60.07183626489105,15721.5
29/06/2021,65.37055585366117,15748.45
28/06/2021,70.80458661406442,15814.7
25/06/2021,61.88741768800432,15860.35
24/06/2021,52.686688854899394,15790.45
23/06/2021,59.24044237849269,15686.95
22/06/2021,66.44582444439665,15772.75
21/06/2021,67.81169695256781,15746.5
18/06/2021,62.21783736589532,15683.35
17/06/2021,63.27478252329725,15691.4
16/06/2021,72.88711628630585,15767.55
15/06/2021,76.4566677580404,15869.25
14/06/2021,74.19328746327929,15811.85
11/06/2021,76.3464972948479,15799.35
10/06/2021,76.73479801790799,15737.75
09/06/2021,76.25247295895794,15635.35
08/06/2021,83.74564231698497,15740.1
07/06/2021,88.17932962510507,15751.65
04/06/2021,86.93949418192062,15670.25
03/06/2021,87.73766484593142,15690.35
02/06/2021,83.57087573573423,15576.2
01/06/2021,80.54902100399383,15574.85
31/05/2021,82.21528641114688,15582.8
28/05/2021,77.8379938468396,15435.65
27/05/2021,70.38082237471535,15337.85
26/05/2021,67.1514100354494,15301.45
25/05/2021,71.84222602940832,15208.45
24/05/2021,71.04046424671098,15197.7
21/05/2021,62.0111775378663,15175.3
20/05/2021,58.005147087685685,14906.05
19/05/2021,61.40584405569623,15030.15
18/05/2021,61.00673023237077,15108.1
17/05/2021,48.06118551953391,14923.15
14/05/2021,43.89314194955334,14677.8
12/05/2021,56.33953075818113,14696.5
11/05/2021,61.92261520112373,14850.75
10/05/2021,59.345152325657985,14942.35
07/05/2021,54.78899233903802,14823.15
06/05/2021,54.46128296809898,14724.8
05/05/2021,49.08499212198721,14617.85
04/05/2021,42.94146039993127,14496.5
03/05/2021,47.924022311609974,14634.15
30/04/2021,52.09866888741422,14631.1
30/04/2021,52.09866888741422,14631.1
29/04/2021,52.42679991246635,14894.9
28/04/2021,52.808127823959495,14864.55
27/04/2021,50.00391990193194,14653.05
26/04/2021,46.419390626953344,14485
23/04/2021,34.32734048752947,14341.35
22/04/2021,28.3437021069126,14406.15
20/04/2021,24.65628117537636,14296.4
19/04/2021,31.845930036796616,14359.45
16/04/2021,35.467604237536285,14617.85
15/04/2021,32.736597584085736,14581.45
13/04/2021,28.80020938764507,14504.8
12/04/2021,27.871048373391353,14310.8
09/04/2021,35.906634721567706,14834.85
08/04/2021,36.21656093974279,14873.8
07/04/2021,40.382140973613744,14819.05
06/04/2021,41.82713334528566,14683.5
05/04/2021,46.27274444092382,14637.8
01/04/2021,45.13871938589634,14867.35
31/03/2021,47.35535153866904,14690.7
30/03/2021,45.69646992672326,14845.1
26/03/2021,23.09120949531874,14507.3
25/03/2021,13.904135206977719,14324.9
24/03/2021,26.57902899109676,14549.4
23/03/2021,29.694040059990098,14814.75
22/03/2021,23.17698959312071,14736.4
19/03/2021,29.56329413328117,14744
18/03/2021,35.36324872646793,14557.85
17/03/2021,30.4728681847634,14721.3
16/03/2021,34.27754724588547,14910.45
15/03/2021,36.89983063434333,14929.5
10/03/2021,35.14679753601207,15174.8
09/03/2021,26.98827151071687,15098.4
08/03/2021,24.130123252823758,14956.2
05/03/2021,18.143137292769765,14938.1
04/03/2021,35.741871753523625,15080.75
03/03/2021,42.508909336565836,15245.6
02/03/2021,35.94230632166328,14919.1
01/03/2021,26.7126296405152,14761.55
26/02/2021,34.126048779732876,14529.15
25/02/2021,39.39149511775221,15097.35
24/02/2021,29.388145388762922,14836.7
23/02/2021,24.890781720194283,14707.8
22/02/2021,25.9225818448843,14675.7
19/02/2021,39.9089752838591,14981.75
18/02/2021,52.0719288704984,15118.95
17/02/2021,50.1095791589892,15208.9
16/02/2021,47.62825728089,15313.45
15/02/2021,44.4530285730298,15314.7
12/02/2021,40.9258602181519,15163.3
11/02/2021,38.2978662034411,15173.3
10/02/2021,37.526545027558,14924.25
09/02/2021,37.1920319849948,14924.25
08/02/2021,35.7353329023216,14924.25
05/02/2021,38.9353640054324,14924.25
04/02/2021,43.1048931922707,14895.65
03/02/2021,43.2097953162599,14789.95
02/02/2021,38.4613882306949,14647.85
01/02/2021,26.7311677460854,14281.2
29/01/2021,21.4222400059985,13634.6
28/01/2021,22.5557213216448,13817.55
27/01/2021,24.4402076250088,13967.5
25/01/2021,26.6550014728459,14238.9
22/01/2021,32.3922152244964,14371.9
21/01/2021,47.9056678667751,14590.35
20/01/2021,51.04,14521.15
19/01/2021,45.1704372686677,14521.15
18/01/2021,44.6085434514875,14281.3
15/01/2021,50.2717386664412,14433.7
14/01/2021,53.1461904146461,14595.6
13/01/2021,63.454730084731,14564.85
12/01/2021,65.6964626416512,14563.45
11/01/2021,61.3475072691201,14484.75
08/01/2021,66.6099900130249,14347.25
07/01/2021,66.0222496991919,14137.35
06/01/2021,65.5549660105762,14146.25
05/01/2021,71.5723683357792,14199.5
04/01/2021,76.3397154617807,14132.9
01/01/2021,73.0949468041568,14018.5
31/12/2020,63.200941585384,13981.75
30/12/2020,59.5863421071322,13981.95
29/12/2020,61.8416430754439,13932.6
28/12/2020,56.8952553489876,13873.2
24/12/2020,51.1116027279166,13743.75
23/12/2020,49.8604382694252,13601.1
22/12/2020,40.2668977803768,13466.3
21/12/2020,47.5440691612404,13328.4
18/12/2020,63.0288391054747,13760.55
17/12/2020,64.7824350391808,13740.7
16/12/2020,61.7752621889178,13682.7
15/12/2020,59.7374964617998,13567.85
14/12/2020,62.8531908819947,13558.15
11/12/2020,67.5666878303153,13513.85
10/12/2020,71.6250420793893,13478.3
09/12/2020,77.2434885127188,13529.1
08/12/2020,81.8005042103761,13392.95
07/12/2020,81.3995941871573,13355.75
04/12/2020,82.7559389177814,13258.55
03/12/2020,83.8669089803269,13133.9
02/12/2020,85.623554555133,13113.75
01/12/2020,83.8421384949332,13109.05
27/11/2020,77.3305942476557,12968.95
26/11/2020,66.4477924966609,12987
25/11/2020,65.3937558339547,12858.4
24/11/2020,75.7604839266056,13055.15
23/11/2020,79.8338799575274,12926.45
20/11/2020,80.1063392984421,12859.05
19/11/2020,81.8376619602344,12771.7
18/11/2020,85.4055151198474,12938.25
17/11/2020,85.4868565266759,12874.2
14/11/2020,85.3026873030914,12719.95
13/11/2020,84.5220492120442,12719.95
12/11/2020,79.032896142523,12690.8
11/11/2020,71.8933521179724,12749.15
10/11/2020,73.0917331317902,12631.1
09/11/2020,73.3015615367803,12461.05
06/11/2020,57.7620858979616,12263.55
05/11/2020,42.269796757804,12120.3
04/11/2020,30.9680258867808,11908.5
03/11/2020,30.9728366702563,11813.5
02/11/2020,32.9364825117443,11669.15
30/10/2020,29.1723635337604,11642.4
29/10/2020,25.1291889049881,11670.8
28/10/2020,28.2656505355045,11729.6
27/10/2020,33.6969608412368,11889.4
26/10/2020,35.9217646444177,11767.75
23/10/2020,46.1779858761408,11930.35
22/10/2020,44.0561762823199,11896.45
21/10/2020,44.9222132332854,11937.65
20/10/2020,46.3213934385495,11896.8
19/10/2020,46.766578405428,11873.05
16/10/2020,43.0394903743694,11762.45
15/10/2020,49.1346876291736,11680.35
14/10/2020,55.7395733455374,11971.05
13/10/2020,52.1207449648896,11934.5
12/10/2020,59.0489448797379,11930.95
09/10/2020,65.9136826191324,11914.2
08/10/2020,63.1735951927721,11834.6
07/10/2020,57.1444163119462,11738.85
06/10/2020,50.0458097781081,11662.4
05/10/2020,46.374116119904,11503.35
01/10/2020,37.830343909168,11416.95
30/09/2020,30.1756508912419,11247.55
30/09/2020,28.4780614248537,11247.55
29/09/2020,35.8814585280173,11222.4
28/09/2020,40.2369853302263,11227.55
25/09/2020,23.9469778465794,11050.25
24/09/2020,17.2520074536906,10805.55
23/09/2020,22.913379322701,11131.85
22/09/2020,21.7784331502355,11153.65
21/09/2020,31.9982647054459,11250.55
18/09/2020,39.1181162776138,11504.95
17/09/2020,35.6751154986098,11516.1
16/09/2020,41.6749054750532,11604.55
15/09/2020,41.9207194519278,11521.8
14/09/2020,39.0388874627746,11440.05
11/09/2020,38.3827214094899,11464.45
10/09/2020,31.3206155096401,11449.25
09/09/2020,29.2744127341268,11278
08/09/2020,38.1928394349917,11317.35
07/09/2020,35.3879681106799,11355.05
04/09/2020,41.4096301642403,11333.85
03/09/2020,56.5244356289043,11527.45
02/09/2020,43.5948828522,11535
01/09/2020,44.3632845246681,11470.25
31/08/2020,61.3471023041703,11387.5
28/08/2020,69.1029441820939,11647.6
27/08/2020,68.6805238196425,11559.25
26/08/2020,70.0466585886475,11549.6
25/08/2020,71.6713224482158,11472.25
24/08/2020,69.9805904501371,11466.45
21/08/2020,67.79690820676,11371.6
20/08/2020,72.3737782807838,11312.2
19/08/2020,75.5861120917504,11408.4
18/08/2020,71.0055454954694,11385.35
17/08/2020,66.6183561363707,11247.1
14/08/2020,59.8619305742923,11178.4
13/08/2020,64.1346364672283,11300.45
12/08/2020,64.7759375254884,11308.4
11/08/2020,68.0353599650851,11322.5
10/08/2020,70.4826810504075,11270.15
07/08/2020,66.5101813175695,11214.05
06/08/2020,62.8054301101932,11200.15
05/08/2020,63.5649923135622,11101.65
04/08/2020,66.2929633675875,11095.25
03/08/2020,70.7813282662815,10891.6
31/07/2020,68.5511500229049,11073.45
30/07/2020,58.4050204427242,11102.15
29/07/2020,55.5949342672523,11202.85
28/07/2020,52.7165755029297,11300.55
27/07/2020,53.9615609264144,11131.8
24/07/2020,60.9891968446812,11194.15
23/07/2020,62.803496430194,11215.45
22/07/2020,67.8350129184612,11132.6
21/07/2020,65.2415773265941,11162.25
20/07/2020,66.4983845435426,11022.2
17/07/2020,62.8110729581915,10901.7
16/07/2020,55.9503744211825,10739.95
15/07/2020,59.0005593559517,10618.2
14/07/2020,64.4814326371926,10607.35
13/07/2020,70.1205155545199,10802.7
10/07/2020,77.1973918272966,10768.05
09/07/2020,76.8460217855491,10813.45
08/07/2020,71.9628027102105,10705.75
07/07/2020,72.4016366264528,10799.65
06/07/2020,71.1661360689933,10763.65
03/07/2020,68.8910125345194,10607.35
03/07/2020,69.2997986005573,10607.35
02/07/2020,65.6210314077935,10551.7
01/07/2020,59.8686232737553,10430.05
30/06/2020,56.5640271996821,10302.1
29/06/2020,55.3813511324302,10312.4
26/06/2020,56.8722215061553,10383
25/06/2020,57.8121680951897,10288.9
24/06/2020,61.4964850753803,10305.3
23/06/2020,68.5683058268616,10471
22/06/2020,70.266605635155,10311.2
19/06/2020,65.7950594464175,10244.4
18/06/2020,58.411520397553,10091.65
17/06/2020,55.4354507577728,9881.15
16/06/2020,57.6059947185203,9914
15/06/2020,68.5688380064982,9813.7
12/06/2020,70.9792179822339,9972.9
11/06/2020,74.5127807755801,9902
10/06/2020,78.7341371919019,10116.15
09/06/2020,78.2296642191795,10046.65
08/06/2020,85.6368815604482,10167.45
05/06/2020,87.3627772956338,10142.15
04/06/2020,84.9889028085885,10029.1
03/06/2020,83.0769815560281,10061.55
02/06/2020,80.9736362877741,9979.1
01/06/2020,78.6293670341424,9826.15
29/05/2020,76.1790393980339,9580.3
28/05/2020,74.2263503469181,9490.1
27/05/2020,71.9517256171927,9314.95
26/05/2020,68.3603083526187,9029.05
22/05/2020,57.8718027822267,9039.25
21/05/2020,61.0344569733144,9106.25
20/05/2020,69.2241168709612,9066.55
19/05/2020,66.8205130881131,8879.1
18/05/2020,59.2452818434469,8823.25
15/05/2020,62.2950058143832,9136.85
14/05/2020,64.4353609095961,9142.75
13/05/2020,65.2827213226717,9383.55
12/05/2020,75.5707877438636,9196.55
11/05/2020,67.5985523329979,9239.2
08/05/2020,59.3408601899112,9251.5
07/05/2020,58.5021601332453,9199.05
06/05/2020,66.6987641838697,9270.9
05/05/2020,64.3985790554549,9205.6
04/05/2020,63.423757000676,9293.5
30/04/2020,71.0746855984034,9859.9
29/04/2020,68.5174355606713,9553.35
28/04/2020,68.3986899375006,9380.9
27/04/2020,71.9238646821149,9282.3
24/04/2020,60.8712624857748,9154.4
23/04/2020,64.4653328811464,9313.9
22/04/2020,62.0889396202757,9187.3
21/04/2020,59.821656798622,8981.45
20/04/2020,58.2993194878408,9261.85
17/04/2020,57.0579286240792,9266.75
16/04/2020,55.4570113507078,8992.8
15/04/2020,50.1185871891091,8925.3
13/04/2020,54.4714896928379,8993.85
09/04/2020,52.5883904756626,9111.9
08/04/2020,50.4086933754765,8748.75
07/04/2020,47.6480102567293,8792.2
03/04/2020,37.7329334289768,8083.8
01/04/2020,33.6982629940325,8253.8
31/03/2020,35.370079000706,8597.75
30/03/2020,31.4375995490754,8281.1
27/03/2020,34.6944088447832,8660.25
26/03/2020,32.7511168528289,8641.45
25/03/2020,24.4417312444176,8317.85
24/03/2020,30.2967174205397,7801.05
23/03/2020,27.5756761517471,7610.25
20/03/2020,20.5844801683506,8745.45
19/03/2020,27.5811942792921,8263.45
18/03/2020,29.552521921955,8468.8
17/03/2020,27.4623549153812,8967.05
16/03/2020,29.633057570804,9197.4
13/03/2020,19.1413222551606,9955.2
12/03/2020,15.0815763181949,9590.15
11/03/2020,15.8323816395724,10458.4
09/03/2020,13.7780100946645,10451.45
06/03/2020,12.3573912616837,10989.45
05/03/2020,19.1356879557071,11269
04/03/2020,21.0686904214653,11251
03/03/2020,19.3516650474388,11303.3
02/03/2020,16.6759072845633,11132.75
28/02/2020,19.5589386117329,11201.75
27/02/2020,20.2924795894906,11633.3
26/02/2020,21.5185159910726,11678.5
25/02/2020,22.1250625102191,11797.9
24/02/2020,25.240162181477,11829.4
20/02/2020,39.7137860405717,12080.85
19/02/2020,31.1753895680818,12125.9
18/02/2020,24.8016012874264,11992.5
17/02/2020,30.37728756616,12045.8
14/02/2020,40.327369898304,12113.45
13/02/2020,42.9056782754391,12174.65
12/02/2020,38.7441085848304,12201.2
11/02/2020,34.0639776814526,12107.9
10/02/2020,36.5441089582989,12031.5
07/02/2020,42.1048738997239,12098.35
06/02/2020,39.5813504729757,12137.95
05/02/2020,30.6372218790713,12089.15
04/02/2020,19.9200823349181,11979.65
03/02/2020,20.9624237516346,11707.9
01/02/2020,16,11707.9
31/01/2020,23.5094075294452,11962.1
30/01/2020,24.5207103312901,12035.8
29/01/2020,23.6410977325155,12129.5
28/01/2020,21.0459319220028,12055.8
27/01/2020,21.0787695308208,12119
24/01/2020,48.0706247461462,12248.25
23/01/2020,48.0291630386376,12180.35
22/01/2020,50.8262949527661,12106.9
21/01/2020,59.1170218933531,12169.85
20/01/2020,58.4470946081957,12224.55
17/01/2020,56.6104691313355,12352.35
16/01/2020,59.691614886612,12355.5
15/01/2020,61.7789254894065,12343.3
14/01/2020,60.4258832869402,12362.3
13/01/2020,52.4065565698614,12329.55
10/01/2020,50.9954039356256,12256.8
09/01/2020,45.1126190013018,12215.9
08/01/2020,47.8513286307342,12025.35
07/01/2020,38.7449841217129,12052.95
06/01/2020,35.4671817061049,11993.05
03/01/2020,46.832759923716,12226.65
02/01/2020,48.0256966352889,12282.2
01/01/2020,46.3930903069333,12182.5
31/12/2019,51.1302594680196,12168.45
30/12/2019,51.4058758537012,12255.85
27/12/2019,51.9064323128433,12245.8
26/12/2019,54.8005476422314,12126.55
24/12/2019,59.9239312975566,12214.55
23/12/2019,62.2704390209235,12262.75
20/12/2019,68.0064252241522,12271.8
19/12/2019,62.7078893170302,12259.7
18/12/2019,60.5205248814116,12221.65
17/12/2019,57.9134015259659,12165
16/12/2019,56.9529667451399,12053.95
13/12/2019,62.7191834107639,12086.7
12/12/2019,52.8796750659088,11971.8
11/12/2019,49.7508899299648,11910.15
10/12/2019,53.7453653568882,11856.8
09/12/2019,54.2753759153025,11937.5
06/12/2019,55.9700871892085,11921.5
05/12/2019,67.1574194900715,12018.4
04/12/2019,77.1593750724093,12043.2
03/12/2019,60.3124514466916,11994.2
02/12/2019,80.2326227782923,12040.75
29/11/2019,69.2863170613774,12056.05
28/11/2019,68.7701603240514,12151.15
27/11/2019,59.481548866608,12100.7
26/11/2019,51.4429220341331,12037.7
25/11/2019,56.4500449700518,12073.75
22/11/2019,51.1293322548315,11914.4
21/11/2019,57.7541314112883,11968.4
20/11/2019,64.9197696109083,11999.1
19/11/2019,63.1760577939669,11940.1
18/11/2019,64.6725561399126,11884.5
15/11/2019,64.7721125821315,11895.45
14/11/2019,54.4316622387053,11872.1
13/11/2019,62.3113669647508,11840.45
11/11/2019,74.0485402258991,11913.45
08/11/2019,75.760759999026,11908.15
07/11/2019,76.0663660096848,12012.05
06/11/2019,74.9185808779685,11966.05
05/11/2019,75.4412664097696,11917.2
04/11/2019,74.1145261022506,11941.3
01/11/2019,77.5846711738673,11890.6
31/10/2019,71.3315391828754,11877.45
30/10/2019,70.4116764479752,11844.1
29/10/2019,75.4347790944487,11786.85
27/10/2019,77.67,11786.85
25/10/2019,78.1289256550416,11583.9
24/10/2019,66.1053067113829,11582.6
23/10/2019,69.7572315800481,11604.1
22/10/2019,74.5909445193162,11588.35
18/10/2019,75.4843206097938,11661.85
17/10/2019,70.9705756071414,11586.35
16/10/2019,67.5248939448053,11464
15/10/2019,63.9858653120637,11428.3
14/10/2019,57.1363360632122,11341.15
11/10/2019,55.5119658448082,11305.05
10/10/2019,57.3831250322105,11234.55
09/10/2019,57.5855951554909,11313.3
07/10/2019,57.2693101042319,11126.4
04/10/2019,58.6097087706906,11174.75
03/10/2019,64.5631902466223,11314
01/10/2019,70.2425074413893,11359.9
30/09/2019,74.9399493909591,11474.45
27/09/2019,75.0300124064792,11512.4
26/09/2019,77.5183130741929,11571.2
25/09/2019,74.7884793620177,11440.2
24/09/2019,77.5873122381832,11588.2
23/09/2019,69.762937956071,11600.2
20/09/2019,66.2867300811807,11274.2
19/09/2019,61.1058908529673,10704.8
18/09/2019,59.1205600195131,10840.65
17/09/2019,56.2183026360701,10817.6
16/09/2019,60.4692327802349,11003.5
13/09/2019,72.136728143408,11075.9
12/09/2019,59.1999484021131,10982.8
11/09/2019,66.0476078599193,11035.7
09/09/2019,62.5082226096449,11003.05
06/09/2019,58.7861443050248,10946.2
05/09/2019,51.2754629537432,10847.9
04/09/2019,46.4085437587314,10844.65
03/09/2019,42.1789204457438,10797.9
30/08/2019,53.2789506567399,11023.25
29/08/2019,48.6509450300835,10948.3
28/08/2019,51.1756444301746,11046.1
27/08/2019,52.9141864222296,11105.35
26/08/2019,54.7480335785436,11057.85
23/08/2019,57.925522688258,10829.35
22/08/2019,34.4960485442324,10741.35
21/08/2019,34.8781193638808,10918.7
20/08/2019,34.7135176889291,11017
19/08/2019,34.2789806324234,11053.9
16/08/2019,41.9587066150404,11047.8
14/08/2019,40.7438318344743,11029.4
13/08/2019,27.7699279349034,10925.85
09/08/2019,34.1861389700273,11109.65
08/08/2019,38.8243414429871,11032.45
07/08/2019,23.2246149836268,10931.45
06/08/2019,25.8179032756147,10948.25
05/08/2019,23.1722603020168,10862.6
02/08/2019,21.331159274312,10997.35
01/08/2019,23.5744330433784,10980
31/07/2019,21.8205544572337,11118
30/07/2019,13.9820707834502,11085.4
29/07/2019,15.8919216493643,11189.2
26/07/2019,22.6061276396378,11284.3
25/07/2019,16.1809449408123,11252.15
24/07/2019,15.937734543874,11271.3
23/07/2019,23.1886282203199,11331.05
22/07/2019,24.9129682240476,11346.2
19/07/2019,18.042104535137,11419.25
18/07/2019,19.0023109576234,11596.9
17/07/2019,27.1431040287975,11687.5
16/07/2019,28.8057284243033,11662.6
15/07/2019,27.3666603025255,11588.35
12/07/2019,30.7533953814961,11552.5
11/07/2019,28.60649207484,11582.9
10/07/2019,28.7349925768762,11498.9
09/07/2019,33.1525834226924,11555.9
08/07/2019,40.7804753989981,11558.6
05/07/2019,49.7834113144417,11811.15
04/07/2019,56.4950023461022,11946.75
03/07/2019,47.3938855349185,11916.75
02/07/2019,53.41,11910.3
01/07/2019,49.6350525830046,11865.6
28/06/2019,41.1637979950751,11788.85
27/06/2019,42.8810860701898,11841.55
26/06/2019,44.8623575712233,11847.55
25/06/2019,44.1943446819516,11796.45
24/06/2019,43.3540897869136,11699.65
21/06/2019,47.7809957580152,11724.1
20/06/2019,44.3833431880282,11831.75
19/06/2019,36.1432006558483,11691.45
18/06/2019,41.5985677999818,11691.5
17/06/2019,43.9339055642063,11672.15
14/06/2019,41.8593111600829,11823.3
13/06/2019,52.6418831114115,11914.05
12/06/2019,54.3120680681733,11906.2
11/06/2019,55.4988095943717,11965.6
10/06/2019,47.4042905807913,11922.7
07/06/2019,46.8354920167429,11870.65
06/06/2019,54.6850297079747,11843.75
04/06/2019,65.9181487972968,12021.65
03/06/2019,69.4098443272265,12088.55
31/05/2019,60.2286729416037,11922.8
30/05/2019,56.6591330040965,11945.9
29/05/2019,54.4737523826729,11861.1
28/05/2019,57.8386793240004,11928.75
27/05/2019,58.2471082421055,11924.75
24/05/2019,51.5459813163785,11844.1
23/05/2019,41.7437535289574,11657.05
22/05/2019,35.6722286429379,11737.9
21/05/2019,41.0784073853038,11709.1
20/05/2019,33.2545186707366,11828.25
17/05/2019,20.0513239040865,11407.15
16/05/2019,18.471230119829,11257.1
15/05/2019,18.0857533747728,11157
14/05/2019,23.2276105290383,11222.05
13/05/2019,18.7398942350199,11148.2
10/05/2019,17.2084611196439,11278.9
09/05/2019,24.4147761988275,11301.8
08/05/2019,33.1713542519097,11359.45
07/05/2019,40.3949193093144,11497.9
06/05/2019,53.4295962421934,11598.25
03/05/2019,55.5964539765717,11712.25
02/05/2019,46.6696510996013,11724.75
30/04/2019,51.249034946346,11748.15
26/04/2019,59.2758122999132,11754.65
25/04/2019,46.2867725940315,11641.8
24/04/2019,47.7324295233612,11726.15
23/04/2019,39.4179513395047,11575.95
22/04/2019,39.5981774489838,11594.45
18/04/2019,44.7488393524651,11752.8
16/04/2019,49.0589546428046,11787.15
15/04/2019,49.4312887198627,11690.35
12/04/2019,49.0436302900169,11643.45
11/04/2019,43.1259759530566,11596.7
10/04/2019,48.074285534621,11584.3
09/04/2019,51.3266218050507,11671.95
08/04/2019,53.0749541261696,11604.5
05/04/2019,54.4356303539204,11665.95
04/04/2019,50.2283496732678,11598
03/04/2019,48.2092780154776,11643.95
02/04/2019,63.2360669984863,11713.2
01/04/2019,61.4123282464845,11669.15
29/03/2019,67.1901783578976,11623.9
28/03/2019,70.9563171032489,11570
27/03/2019,65.4074806134857,11445.05
26/03/2019,71.5824075926349,11483.25
25/03/2019,67.6611921814943,11354.25
22/03/2019,68.2066660596655,11456.9
20/03/2019,73.358931549006,11521.05
19/03/2019,77.1052665780002,11532.4
18/03/2019,77.9173627978658,11462.2
15/03/2019,82.6549172300354,11426.85
14/03/2019,80.6259571082916,11343.25
13/03/2019,73.2122207755153,11341.7
12/03/2019,69.0650481341507,11301.2
11/03/2019,76.0609787211701,11168.05
08/03/2019,71.7450190855827,11035.4
07/03/2019,69.4821379200307,11058.2
06/03/2019,71.6143763698318,11053
05/03/2019,70.5303577041794,10987.45
01/03/2019,67.0588835934648,10863.5
28/02/2019,45.6689948476792,10792.5
27/02/2019,38.6635756684879,10806.65
26/02/2019,46.4981744671422,10835.3
25/02/2019,43.8288670046792,10880.1
22/02/2019,52.9166026745552,10791.65
21/02/2019,42.5720507001419,10789.85
20/02/2019,32.0241873935804,10735.45
19/02/2019,23.5134973208981,10604.35
18/02/2019,34.4300048323715,10640.95
15/02/2019,39.7653975170144,10724.4
14/02/2019,56.5198306205876,10746.05
13/02/2019,54.1194739838677,10793.65
12/02/2019,62.5653649347729,10831.4
11/02/2019,61.4430830008208,10888.8
08/02/2019,60.3435958293203,10943.6
07/02/2019,61.7994014929695,11069.4
06/02/2019,53.5889055181919,11062.45
05/02/2019,41.3364072853908,10934.35
04/02/2019,35.3617400125811,10912.25
01/02/2019,33.2975469030847,10893.65
31/01/2019,30.1711291797814,10830.95
30/01/2019,28.0290758099835,10651.8
29/01/2019,41.3482790550989,10652.2
28/01/2019,45.9022376207108,10661.55
25/01/2019,48.6562689811549,10780.55
24/01/2019,52.2354585749669,10849.8
23/01/2019,51.8740924510115,10831.5
22/01/2019,51.3524752342169,10922.75
21/01/2019,52.8986821572374,10961.85
18/01/2019,58.0011030618928,10906.95
17/01/2019,61.5526774140545,10905.2
16/01/2019,67.0658942873007,10890.3
15/01/2019,64.5939437832403,10886.8
14/01/2019,63.361557622451,10737.6
11/01/2019,63.4170521103566,10794.95
10/01/2019,65.6857820529412,10821.6
09/01/2019,70.2901802708415,10855.15
08/01/2019,73.358800133645,10802.15
07/01/2019,63.9262886545144,10771.8
04/01/2019,57.6125374014901,10727.35
03/01/2019,52.8698203010795,10672.25
02/01/2019,65.3745735374074,10792.5
01/01/2019,71.1924832699163,10910.1
31/12/2018,73.2928349106411,10862.55
28/12/2018,67.6918104294308,10859.9
27/12/2018,61.5722204749385,10779.8
26/12/2018,67.8477447333897,10729.85
24/12/2018,68.7790984885345,10663.5
21/12/2018,72.115477750111,10754
20/12/2018,73.2293705059333,10951.7
19/12/2018,69.5337291096829,10967.3
18/12/2018,73.5140246980743,10908.7
17/12/2018,77.0095948497015,10888.35
14/12/2018,74.3286505821584,10805.45
13/12/2018,71.0509768698619,10791.55
12/12/2018,73.0201997668824,10737.6
11/12/2018,70.2676232829447,10549.15
10/12/2018,48.6097622515758,10488.45
07/12/2018,64.580223157539,10693.7
06/12/2018,65.8043077184401,10601.15
05/12/2018,65.6852357186456,10782.9
04/12/2018,80.1384156512017,10869.5
03/12/2018,70.7548714664063,10883.75
30/11/2018,62.2611515242402,10876.75
29/11/2018,64.6937204538427,10858.7
28/11/2018,60.2432999668767,10728.85
27/11/2018,53.5887944725736,10685.6
26/11/2018,53.3822075605155,10628.6
22/11/2018,56.8098937894438,10526.75
21/11/2018,53.9567518345483,10600.05
20/11/2018,54.2673933789003,10656.2
19/11/2018,56.528202538818,10763.4
16/11/2018,52.9703742080361,10682.2
15/11/2018,49.1664856421571,10616.7
14/11/2018,49.7606661082691,10576.3
13/11/2018,43.70791657596,10582.5
12/11/2018,49.6035835733454,10482.2
09/11/2018,52.86,10601.5
07/11/2018,51.4072226856746,10601.5
06/11/2018,45.3110079204035,10530
05/11/2018,43.8230161532102,10524
02/11/2018,45.1944957171041,10553
01/11/2018,44.5139451517526,10380.45
31/10/2018,41.6581085193825,10386.6
30/10/2018,42.8361282748598,10198.4
29/10/2018,34.6159951670219,10250.85
26/10/2018,20.5542499297533,10030
25/10/2018,15.5819031199618,10124.9
24/10/2018,24.3888144989035,10224.75
23/10/2018,19.7195826230907,10146.8
22/10/2018,16.2616413918296,10245.25
19/10/2018,16.0583669013037,10303.55
17/10/2018,20.4642287985753,10453.05
16/10/2018,20.577853824615,10584.75
15/10/2018,22.3445436516522,10512.5
12/10/2018,27.5118557063638,10472.5
11/10/2018,19.7560799301566,10234.65
10/10/2018,16.6562182195322,10460.1
09/10/2018,15,10301.05
08/10/2018,15,10348.05
05/10/2018,20.4665014438904,10316.45
04/10/2018,20.8989591722134,10599.25
03/10/2018,24.6666635734547,10858.25
01/10/2018,33.9120280469676,11008.3
28/09/2018,21.0195250815914,10930.45
27/09/2018,19.298341145119,10977.55
26/09/2018,19.298341145119,11053.8
25/09/2018,16.6935207416843,11067.45
24/09/2018,18.4068690927897,10967.4
21/09/2018,19.2983275244935,11143.1
19/09/2018,18.9518245970957,11234.35
18/09/2018,22.0746689996997,11278.9
17/09/2018,34.997095035746,11377.75
14/09/2018,36.9549820985035,11515.2
12/09/2018,24.3293691860276,11369.9
11/09/2018,26.0477716083551,11287.5
10/09/2018,35.7650771751174,11438.1
07/09/2018,39.7167014192157,11589.1
06/09/2018,40.9247348964872,11536.9
05/09/2018,41.5005916809624,11476.95
04/09/2018,43.2142079720894,11520.3
03/09/2018,53.6895089825592,11582.35
31/08/2018,64.0998639540595,11680.5
30/08/2018,67.2339417284847,11676.8
29/08/2018,62.9508751936754,11691.9
28/08/2018,61.6110055622853,11738.5
27/08/2018,61.478993743008,11691.95
24/08/2018,57.8624497265216,11557.1
23/08/2018,57.1031919310512,11582.75
21/08/2018,57.0890416140478,11570.9
20/08/2018,56.7371672788166,11551.75
17/08/2018,60.3579328627189,11470.75
16/08/2018,54.9616788584668,11385.05
14/08/2018,56.2331221696063,11435.1
13/08/2018,55.5413408847397,11355.75
10/08/2018,64.3271477211005,11429.5
09/08/2018,74.3672742812634,11470.7
08/08/2018,78.834560652192,11450
07/08/2018,64.4870049508448,11389.45
06/08/2018,71.1390445874048,11387.1
03/08/2018,79.3311300062974,11360.8
02/08/2018,76.4415125086827,11244.7
01/08/2018,72.8423267781766,11346.2
31/07/2018,75.5221473300928,11356.5
30/07/2018,81.2758409292103,11319.55
27/07/2018,71.4801400295591,11278.35
26/07/2018,66.2493602906021,11167.3
25/07/2018,70.855943688731,11132
24/07/2018,73.0110508592713,11134.3
23/07/2018,65.9471617711332,11084.75
20/07/2018,58.2317654641722,11010.2
19/07/2018,55.5334217612219,10957.1
18/07/2018,63.0728064655867,10980.45
17/07/2018,61.6186421059436,11008.05
16/07/2018,59.0196102125266,10936.85
13/07/2018,68.6615333145991,11018.9
12/07/2018,70.9666225702,11023.2
11/07/2018,63.2475328915535,10948.3
10/07/2018,64.3544013407667,10947.25
09/07/2018,50.5648633728584,10852.9
06/07/2018,38.7564102015881,10772.65
05/07/2018,33.3134498569703,10749.75
04/07/2018,37.3163263269219,10769.9
03/07/2018,40.2358011097152,10699.9
02/07/2018,42.2053069145304,10657.3
29/06/2018,40.5495817899025,10714.3
28/06/2018,28.7880315569532,10589.1
27/06/2018,39.1562382998574,10671.4
26/06/2018,48.6482056297556,10769.15
25/06/2018,54.7274825885031,10762.45
22/06/2018,58.1478991408046,10821.85
21/06/2018,57.4615221281811,10741.1
20/06/2018,54.1919885937687,10772.05
19/06/2018,53.5346739083011,10710.45
18/06/2018,53.5151360696161,10799.85
15/06/2018,47.4623188367145,10817.7
14/06/2018,56.5314337481982,10808.05
13/06/2018,62.0522469430529,10856.7
12/06/2018,61.9450860901009,10842.85
11/06/2018,57.480130837143,10786.95
08/06/2018,61.7619556904115,10767.65
07/06/2018,64.9301913670939,10768.35
06/06/2018,59.6761128146382,10684.65
05/06/2018,51.42407540533,10593.15
04/06/2018,51.5987792873444,10628.5
01/06/2018,54.9916189021646,10696.2
31/05/2018,57.3231405922933,10736.15
30/05/2018,60.0817161200615,10614.35
29/05/2018,67.3858491229867,10633.3
28/05/2018,67.5830302074777,10688.65
25/05/2018,56.4304344483661,10605.15
24/05/2018,45.4809186621145,10513.85
23/05/2018,51.3360285581033,10430.35
22/05/2018,56.8551310265447,10536.7
21/05/2018,53.8474645625209,10516.7
18/05/2018,61.5085741973531,10596.4
17/05/2018,62.5662773965756,10682.7
16/05/2018,57.541841232846,10741.1
15/05/2018,59.0242715056214,10801.85
14/05/2018,59.9931993115319,10806.6
11/05/2018,58.2885629329705,10806.5
10/05/2018,63.4612574730868,10716.55
09/05/2018,71.3789369196733,10741.7
08/05/2018,68.4290678202506,10717.8
07/05/2018,78.1902637769154,10715.5
04/05/2018,78.0365719599006,10618.25
03/05/2018,79.1085639458343,10679.65
02/05/2018,79.1251972730279,10718.05
30/04/2018,80.4942931414091,10739.35
27/04/2018,83.1587607629935,10692.3
26/04/2018,64.1688540955845,10617.8
25/04/2018,64.0013067813229,10570.55
24/04/2018,62.0694505427371,10614.35
23/04/2018,63.2935965079315,10584.7
20/04/2018,58.6727537080261,10564.05
19/04/2018,62.0963347237694,10565.3
18/04/2018,60.6325993147455,10526.2
17/04/2018,56.5370675940656,10548.7
16/04/2018,56.8763327731355,10528.35
13/04/2018,57.6166757554971,10480.6
12/04/2018,50.9619847690071,10458.65
11/04/2018,53.7153840740282,10417.15
10/04/2018,57.3885476659528,10402.25
09/04/2018,56.3708102169699,10379.35
06/04/2018,60.9018774997358,10331.6
05/04/2018,48.6939655890818,10325.15
04/04/2018,43.8223156052766,10128.4
03/04/2018,46.7101227943927,10245
02/04/2018,30.4496751376131,10211.8
28/03/2018,27.9565430962894,10113.7
27/03/2018,33.8890429877924,10184.15
26/03/2018,24.2951404813977,10130.65
23/03/2018,23.7676666423334,9998.05
22/03/2018,32.9595815048403,10114.75
21/03/2018,36.3711198467595,10155.25
20/03/2018,32.163376971423,10124.35
19/03/2018,24.8370065209168,10094.25
16/03/2018,39.9033182918692,10195.15
15/03/2018,47.0237643067459,10360.15
14/03/2018,50.6659507935618,10410.9
13/03/2018,47.2393597701417,10426.85
12/03/2018,37.4312762082188,10421.4
09/03/2018,31.4241625231099,10226.85
08/03/2018,31.4068637295508,10242.65
07/03/2018,31.3317613752817,10154.2
06/03/2018,30.1092348254091,10249.25
05/03/2018,34.8621891819318,10358.85
01/03/2018,39.5062109059729,10458.35
28/02/2018,37.7290648854701,10492.85
27/02/2018,32.6454521434067,10554.3
26/02/2018,35.4578170421754,10582.6
23/02/2018,29.0694934642371,10491.05
22/02/2018,23.9640959675739,10382.7
21/02/2018,24.5949179420766,10397.45
20/02/2018,18.1708370185765,10360.4
19/02/2018,14.2874530740314,10378.4
16/02/2018,15,10452.3
15/02/2018,15,10545.5
14/02/2018,17.6889012446854,10500.9
12/02/2018,22.471641974942,10539.75
09/02/2018,26.4906868973454,10454.95
08/02/2018,22.6439426517215,10576.85
07/02/2018,21.3249451781945,10476.7
06/02/2018,37.0804751000258,10498.25
05/02/2018,48.4416056657911,10666.55
02/02/2018,51.5286699244788,10760.6
01/02/2018,54.9641137064267,11016.9
31/01/2018,54.4416814681516,11027.7
30/01/2018,54.9365765626156,11049.65
29/01/2018,48.7432957165031,11130.4
25/01/2018,43.6557847959546,11069.65
24/01/2018,45.567373506396,11086
23/01/2018,51.0329141854771,11083.7
22/01/2018,51.0728662983405,10966.2
19/01/2018,53.1410223349836,10894.7
18/01/2018,57.598508277134,10817
17/01/2018,53.1522551260886,10788.55
16/01/2018,50.7793769447542,10700.45
15/01/2018,55.3616244145703,10741.55
12/01/2018,48.1406326859245,10681.25
11/01/2018,52.3259982907765,10651.2
10/01/2018,56.7230115738847,10632.2
09/01/2018,52.010247277795,10637
08/01/2018,56.6732529894063,10623.6
05/01/2018,58.3447517462962,10558.85
04/01/2018,53.3832972218498,10504.8
03/01/2018,47.5113497107285,10443.2
02/01/2018,44.7992548837318,10442.2
01/01/2018,60.660930937498,10435.55
29/12/2017,68.5980447123274,10530.7
28/12/2017,61.6193913457501,10477.9
27/12/2017,57.6967062879418,10490.75
26/12/2017,53.7362530060543,10531.5
22/12/2017,54.6039064610245,10493
21/12/2017,61.4823259514457,10440.3
20/12/2017,62.851742952969,10444.2
19/12/2017,52.6857301375617,10463.2
18/12/2017,38.9088746087921,10388.75
15/12/2017,34.6847937596734,10333.25
14/12/2017,26.6106371033875,10252.1
13/12/2017,25.3112019520754,10192.95
12/12/2017,32.255422894249,10240.15
11/12/2017,39.9233614232198,10322.25
08/12/2017,42.5343011106619,10265.65
07/12/2017,29.4603231704517,10166.7
06/12/2017,20.9351490649948,10044.1
05/12/2017,29.7459408996604,10118.25
04/12/2017,35.9025864655309,10127.75
01/12/2017,45.8268987098451,10121.8
30/11/2017,56.9251489963557,10226.55
29/11/2017,56.0068949143657,10361.3
28/11/2017,58.5516741425111,10370.25
27/11/2017,58.6948946400923,10399.55
24/11/2017,54.0768202569258,10389.7
23/11/2017,44.2837742484319,10348.75
22/11/2017,44.5601493180546,10342.3
21/11/2017,42.5142758481836,10326.9
20/11/2017,38.2152070701399,10298.75
17/11/2017,35.0684407028548,10283.6
16/11/2017,31.2999369311396,10214.75
15/11/2017,26.2712751250762,10118.05
14/11/2017,30.1767148048623,10186.6
13/11/2017,35.1148234179257,10224.95
09/11/2017,40.1193203512808,10308.95
08/11/2017,39.33413169667,10303.15
07/11/2017,53.022209213274,10350.15
06/11/2017,70.2060616635028,10451.8
03/11/2017,73.5390906213094,10452.5
02/11/2017,73.682401504028,10423.8
01/11/2017,74.4628960608623,10440.5
31/10/2017,73.8194199492474,10335.3
30/10/2017,69.167904814489,10363.65
27/10/2017,62.7419425733163,10323.05
26/10/2017,66.5658155244317,10343.8
25/10/2017,68.4789710099749,10295.35
24/10/2017,63.6633248299284,10207.7
23/10/2017,59.6931444187775,10184.85
18/10/2017,62.9170918705559,10210.85
17/10/2017,62.90653180337,10234.45
16/10/2017,61.3187316210988,10230.85
13/10/2017,62.8903018829123,10167.45
12/10/2017,54.064600621143,10096.4
11/10/2017,51.1168694540449,9984.8
10/10/2017,49.9033730582863,10016.95
09/10/2017,50.277867878237,9988.75
06/10/2017,49.383997639229,9979.7
05/10/2017,45.4392659812895,9888.7
04/10/2017,40.5969128860305,9914.9
03/10/2017,33.7120549842013,9859.5
29/09/2017,34.8630831728691,9788.6
28/09/2017,26.6515560678696,9768.95
27/09/2017,22.9296456664259,9735.75
26/09/2017,29.1704108967781,9871.5
25/09/2017,32.3302361494217,9872.6
22/09/2017,45.2284567659695,9964.4
21/09/2017,59.7128414418596,10121.9
20/09/2017,59.6541705549042,10141.15
19/09/2017,53.5956301070263,10147.55
18/09/2017,46.347110156879,10153.1
15/09/2017,46.266947986522,10085.4
14/09/2017,48.1771238914034,10086.6
13/09/2017,51.2279713296724,10079.3
12/09/2017,51.3537111516681,10093.05
11/09/2017,39.3058567071876,10006.05
08/09/2017,35.4656446301177,9934.8
07/09/2017,39.0033197648804,9929.9
06/09/2017,40.2406531040447,9916.2
05/09/2017,34.4360673486204,9952.2
04/09/2017,37.8285677465159,9912.85
01/09/2017,41.2831101014767,9974.4
31/08/2017,39.1585494626561,9917.9
30/08/2017,30.2966106227752,9884.4
29/08/2017,29.6291542285715,9796.05
28/08/2017,38.2311923931331,9912.8
24/08/2017,32.8862171198442,9857.05
23/08/2017,22.5004728522456,9852.5
22/08/2017,15.0644423589336,9765.55
21/08/2017,15,9754.35
18/08/2017,15.2882717177207,9837.4
17/08/2017,17.9519939967099,9904.15
16/08/2017,23.5128664909148,9897.3
14/08/2017,22.1310498640652,9794.15
11/08/2017,18.1235315077702,9710.8
10/08/2017,25.8222680686803,9820.25
09/08/2017,36.0540522209187,9908.05
08/08/2017,43.5730124530654,9978.55
07/08/2017,49.2345444145224,10057.4
04/08/2017,45.1175130276674,10066.4
03/08/2017,38.4618373068445,10013.65
02/08/2017,44.2147194666285,10081.5
01/08/2017,47.1563922425099,10114.65
31/07/2017,43.8723001142101,10077.1
28/07/2017,43.0741505438078,10014.5
27/07/2017,47.5735268491956,10020.55
26/07/2017,52.805963370837,10020.65
25/07/2017,49.5609217334899,9964.55
24/07/2017,50.0113524460363,9966.4
21/07/2017,50.3685116434785,9915.25
20/07/2017,51.8868671140513,9873.3
19/07/2017,45.1755410293664,9899.6
18/07/2017,38.6815658781667,9827.15
17/07/2017,45.42091559697,9915.95
14/07/2017,48.9922062663054,9886.35
13/07/2017,49.7855465208792,9891.7
12/07/2017,48.6016213202982,9816.1
11/07/2017,51.8974317278605,9786.05
10/07/2017,55.7062286093168,9771.05
07/07/2017,57.1021128086356,9665.8
06/07/2017,58.8723011967765,9674.55
05/07/2017,49.2428267104379,9637.6
04/07/2017,41.3425655815563,9613.3
03/07/2017,37.9484667611102,9615
30/06/2017,36.8470422077754,9520.9
29/06/2017,35.888472015469,9504.1
28/06/2017,34.5006752837527,9491.25
27/06/2017,43.0359773180702,9511.4
23/06/2017,50.1756677819416,9574.95
22/06/2017,57.0724730511624,9630
21/06/2017,63.2308943244213,9633.6
20/06/2017,59.8030767296808,9653.5
19/06/2017,52.8070025023984,9657.55
16/06/2017,54.2424805605154,9588.05
15/06/2017,59.8644116436058,9578.05
14/06/2017,59.5070814946985,9618.15
13/06/2017,54.2979933242096,9606.9
12/06/2017,56.9067935273688,9616.4
09/06/2017,56.1763801002037,9668.25
08/06/2017,58.3355642875066,9647.25
07/06/2017,59.6373990393023,9663.9
06/06/2017,54.1288904825944,9637.15
05/06/2017,60.7216744985473,9675.1
02/06/2017,60.5845369096152,9653.5
01/06/2017,46.7613687249839,9616.1
31/05/2017,38.510542350313,9621.25
30/05/2017,31.687933550885,9624.55
29/05/2017,30.8940103428463,9604.9
26/05/2017,33.4744568323152,9595.1
25/05/2017,22.3206606004046,9509.75
24/05/2017,15,9360.55
23/05/2017,16.3889773929232,9386.15
22/05/2017,26.8877573929231,9438.25
19/05/2017,31.9093256931655,9427.9
18/05/2017,37.5844711199358,9429.45
17/05/2017,48.8759992200102,9525.75
16/05/2017,44.4864476090316,9512.25
15/05/2017,37.4792606067065,9445.4
12/05/2017,39.8868284570367,9400.9
11/05/2017,48.8795888296893,9422.4
10/05/2017,53.1564366534238,9407.3
09/05/2017,51.4889698816583,9316.85
08/05/2017,41.3759177530434,9314.05
05/05/2017,44.8487137097462,9285.3
04/05/2017,53.4398426784563,9359.9
03/05/2017,49.3193398460883,9311.95
02/05/2017,53.5427807379086,9313.8
28/04/2017,54.9897382984429,9304.05
27/04/2017,49.9242320815923,9342.15
26/04/2017,53.3256613026145,9351.85
25/04/2017,57.7779724186877,9306.6
24/04/2017,51.9188717062064,9217.95
21/04/2017,48.1313885456372,9119.4
20/04/2017,47.572827951942,9136.4
19/04/2017,40.0139138536963,9103.5
18/04/2017,42.1785208691852,9105.15
17/04/2017,51.1004554268143,9139.3
13/04/2017,54.531026978821,9150.8
12/04/2017,61.2827494423449,9203.45
11/04/2017,64.7523061431066,9237
10/04/2017,57.1384685120542,9181.45
07/04/2017,58.6307125939521,9198.3
06/04/2017,71.7195132961934,9261.95
05/04/2017,69.2959260904026,9265.15
03/04/2017,58.3213559711521,9237.85
31/03/2017,58.5525446339463,9173.75
30/03/2017,67.5832040828729,9173.75
29/03/2017,68.0494091532386,9143.8
28/03/2017,64.8041378946665,9100.8
27/03/2017,69.0741249677054,9045.2
24/03/2017,74.2551806746959,9108
23/03/2017,69.6370641355636,9086.3
22/03/2017,70.9932532419519,9030.45
21/03/2017,75.370008446537,9121.5
20/03/2017,78.5607342454786,9126.85
17/03/2017,46.0691517293284,9160.05
16/03/2017,85,9153.7
15/03/2017,79.0612685810258,9084.8
14/03/2017,67.7723332330526,9087
10/03/2017,61.0713258765475,8934.55
09/03/2017,59.0011336865793,8927
08/03/2017,62.8714770348065,8924.3
07/03/2017,73.8323369009272,8946.9
06/03/2017,78.9019576729183,8963.45
03/03/2017,70.0880361011052,8897.55
02/03/2017,65.5026578563841,8899.75
01/03/2017,67.8090541367361,8945.8
28/02/2017,65.4726973143517,8879.6
27/02/2017,65.5499180598519,8896.7
23/02/2017,67.1499829260097,8939.5
22/02/2017,67.8367917575217,8926.9
21/02/2017,70.5421731290371,8907.85
20/02/2017,71.8159418571484,8879.2
17/02/2017,68.1506250373041,8821.7
16/02/2017,63.4371305406139,8778
15/02/2017,66.2281627637389,8724.7
14/02/2017,69.3261067913801,8792.3
13/02/2017,67.4798730897646,8805.05
10/02/2017,71.361855896669,8793.55
09/02/2017,77.9623603080321,8778.4
08/02/2017,76.1186469045265,8769.05
07/02/2017,76.1436297678489,8768.3
06/02/2017,79.0229391436247,8801.05
03/02/2017,81.0212133768141,8740.95
02/02/2017,83.3649942795535,8734.25
01/02/2017,74.1187422553642,8716.4
31/01/2017,71.3278079851171,8561.3
30/01/2017,75.0262678384036,8632.75
27/01/2017,76.3835291730245,8641.25
25/01/2017,78.3787490847768,8602.75
24/01/2017,74.4741447999197,8475.8
23/01/2017,70.8772006566379,8391.5
20/01/2017,73.7377755181138,8349.35
19/01/2017,77.6783085117918,8435.1
18/01/2017,73.5214501663505,8417
17/01/2017,73.4263350995124,8398
16/01/2017,72.7841235743112,8412.8
13/01/2017,75.4801526130333,8400.35
12/01/2017,82.7955102275681,8407.2
11/01/2017,78.4274319341558,8380.65
10/01/2017,75.7412960698875,8288.6
09/01/2017,74.6581781308987,8236.05
06/01/2017,73.6087128546093,8243.8
05/01/2017,68.8697498078368,8273.8
04/01/2017,59.46197477702,8190.5
03/01/2017,54.882117644482,8192.25
02/01/2017,50.2734934180503,8179.5
30/12/2016,47.217531306289,8185.8
29/12/2016,42.8403570161594,8103.6
28/12/2016,43.5283166347893,8034.85
27/12/2016,39.3221596296191,8032.85
26/12/2016,33.9551138107912,7908.25
23/12/2016,38.6112720014855,7985.75
22/12/2016,48.1609386301314,7979.1
21/12/2016,50.3358476750183,8061.3
20/12/2016,49.6435282649331,8082.4
19/12/2016,52.045713280056,8104.35
16/12/2016,46.2666125901899,8139.45
15/12/2016,42.3552281169332,8153.6
14/12/2016,45.0646821150265,8182.45
13/12/2016,46.2096272966354,8221.8
12/12/2016,50.8298383133854,8170.8
09/12/2016,50.3729127845538,8261.75
08/12/2016,39.2233967560931,8246.85
07/12/2016,39.7614246194807,8102.05
06/12/2016,41.0358632701333,8143.15
05/12/2016,31.731281149727,8128.75
02/12/2016,31.3147123870289,8086.8
01/12/2016,34.3945046980499,8192.9
30/11/2016,29.9250611040203,8224.5
29/11/2016,26.3486374124604,8142.15
28/11/2016,26.2137636119182,8126.9
25/11/2016,21.9859935727654,8114.3
24/11/2016,15.7570947382927,7965.5
23/11/2016,15.7570947382927,8033.3
22/11/2016,15,8002.3
21/11/2016,19.0630660016256,7929.1
18/11/2016,23.0756309409869,8074.1
17/11/2016,19.0125649393614,8079.95
16/11/2016,18.6800176973166,8111.6
15/11/2016,18.6800176973166,8108.45
11/11/2016,21.7107584677671,8296.3
10/11/2016,21.7107584677671,8525.75
09/11/2016,18.7128620141918,8432
08/11/2016,19.628828638846,8543.55
07/11/2016,15.9159666246541,8497.05
04/11/2016,16.7303721371227,8433.75
03/11/2016,16.7303721371227,8484.95
02/11/2016,20.085593743894,8514
01/11/2016,28.6653893038397,8626.25
30/10/2016,31.467050228719,8625.7
28/10/2016,31.6032856974452,8638
27/10/2016,28.8857662692341,8615.25
26/10/2016,30.6761790733254,8615.25
25/10/2016,33.2185799543117,8691.3
24/10/2016,32.400220874183,8708.95
21/10/2016,37.2834168440618,8693.05
20/10/2016,35.9097245395495,8699.4
19/10/2016,38.412920040417,8659.1
18/10/2016,38.8467437541384,8677.9
17/10/2016,32.3335861285399,8520.4
14/10/2016,28.4648845052622,8583.4
13/10/2016,31.6367059619391,8573.35
10/10/2016,38.1889509338447,8708.8
07/10/2016,34.9236627458089,8697.6
06/10/2016,38.9622177080043,8709.55
05/10/2016,45.8422003746422,8743.95
04/10/2016,39.3581327576019,8769.15
03/10/2016,30.0929083739893,8738.1
30/09/2016,21.1066615183629,8611.15
29/09/2016,35.0868775987744,8591.25
28/09/2016,44.6786872580935,8745.15
27/09/2016,30.2861277701432,8706.4
26/09/2016,32.4957643740463,8723.05
23/09/2016,48.8240189424655,8831.55
22/09/2016,47.2087623217969,8867.45
21/09/2016,36.1316423851868,8777.15
20/09/2016,40.4185655703861,8775.9
19/09/2016,37.6145705952497,8808.4
16/09/2016,31.8271451909684,8779.85
15/09/2016,36.3282031086758,8742.55
14/09/2016,39.2853786870486,8726.6
12/09/2016,46.5934262801605,8715.6
09/09/2016,63.3417864058729,8866.7
08/09/2016,72.152680091206,8952.5
07/09/2016,71.1688135681242,8917.95
06/09/2016,69.4674410773439,8943
02/09/2016,62.34480129703,8809.65
01/09/2016,62.324240537068,8774.65
31/08/2016,67.5483753638877,8786.2
30/08/2016,58.0121142576143,8744.35
29/08/2016,51.3127854447457,8607.45
26/08/2016,47.7129206146184,8572.55
25/08/2016,45.7077472521103,8592.2
24/08/2016,48.6475134490147,8650.3
23/08/2016,52.3924393556466,8632.6
22/08/2016,65.4537149912718,8629.15
19/08/2016,72.1407217672709,8666.9
18/08/2016,66.7740588150467,8673.25
17/08/2016,64.639852248789,8624.05
16/08/2016,69.551607459219,8642.55
12/08/2016,66.8910796914951,8672.15
11/08/2016,57.9348023789956,8592.15
10/08/2016,64.2057282886028,8575.3
09/08/2016,74.9112664079772,8678.25
08/08/2016,79.5038081798001,8711.35
05/08/2016,70.6358673265258,8683.15
04/08/2016,54.3525892919978,8551.1
03/08/2016,57.2036811955672,8544.85
02/08/2016,68.1431091439071,8622.9
01/08/2016,69.5685406340619,8636.55
29/07/2016,70.1139344783747,8638.5
28/07/2016,76.1035771604646,8666.3
27/07/2016,74.8797412267569,8615.8
26/07/2016,75.0484451067975,8590.65
25/07/2016,80.3808682713318,8635.65
22/07/2016,79.9637202241907,8541.2
21/07/2016,74.9428606810901,8510.1
20/07/2016,74.7189071769242,8565.85
19/07/2016,71.2688574875363,8528.55
18/07/2016,67.8641419022736,8508.7
15/07/2016,74.8199688241494,8541.4
14/07/2016,73.5228986707731,8565
13/07/2016,77.4228344867508,8519.5
12/07/2016,79.6114678286268,8521.05
11/07/2016,67.7441062607235,8467.9
08/07/2016,65.4982471939059,8323.2
07/07/2016,70.1106524007884,8337.9
05/07/2016,71.856816881761,8335.95
04/07/2016,69.362344389392,8370.7
01/07/2016,68.2402864151246,8328.35
30/06/2016,65.6361878110357,8287.75
29/06/2016,55.3370173428822,8204
28/06/2016,49.7293445966114,8127.85
27/06/2016,44.6695870430746,8094.7
24/06/2016,45.7401221953504,8088.6
23/06/2016,46.9332333994917,8270.45
22/06/2016,47.2356384715164,8203.7
21/06/2016,56.194112418494,8219.9
20/06/2016,59.0802779682382,8238.5
17/06/2016,51.7638699287329,8170.2
16/06/2016,48.4919712457045,8140.75
15/06/2016,52.9041933684827,8206.6
14/06/2016,55.1325430408935,8108.85
13/06/2016,61.5745109111971,8110.6
10/06/2016,70.2651952373803,8170.05
09/06/2016,77.2091165491165,8203.6
08/06/2016,83.2640756632557,8273.05
07/06/2016,83.0783830146858,8266.45
06/06/2016,78.074839425369,8201.05
03/06/2016,79.9964564106832,8220.8
02/06/2016,80.8213914319068,8218.95
01/06/2016,75.7177397665994,8179.95
31/05/2016,76.0273522490635,8160.1
30/05/2016,78.1980794033466,8178.5
27/05/2016,76.8840350510286,8156.65
26/05/2016,67.3119905663004,8069.65
25/05/2016,49.722949152071,7934.9
24/05/2016,40.6538080600929,7748.85
23/05/2016,42.8330190547886,7731.05
20/05/2016,41.1235765124781,7749.7
19/05/2016,48.4314046946004,7783.4
18/05/2016,59.7911076269321,7870.15
17/05/2016,54.9147377270685,7890.75
16/05/2016,47.933995242559,7860.75
13/05/2016,54.5356957030867,7814.9
12/05/2016,54.755870571406,7900.4
11/05/2016,51.008297173807,7848.85
10/05/2016,56.3480025522377,7887.8
09/05/2016,57.6716279270823,7866.05
06/05/2016,56.9720599531721,7733.45
05/05/2016,53.930481367887,7735.5
04/05/2016,51.5178721125213,7706.55
03/05/2016,59.584602524519,7747
02/05/2016,68.394370078477,7805.9
29/04/2016,69.1451133855995,7849.8
28/04/2016,72.2560977486544,7847.25
27/04/2016,80.1138746232926,7979.9
26/04/2016,76.3390805828969,7962.65
25/04/2016,71.3099324694753,7855.05
22/04/2016,72.9008666565844,7899.3
21/04/2016,73.676163247394,7912.05
20/04/2016,74.3070685410257,7914.75
18/04/2016,73.9755418399433,7914.7
13/04/2016,71.5088370571235,7850.45
12/04/2016,72.5404535540175,7708.95
11/04/2016,73.77333924155,7671.4
08/04/2016,67.203280133171,7555.2
07/04/2016,69.2954875303217,7546.45
06/04/2016,72.5199784157556,7614.35
05/04/2016,73.0792101414323,7603.2
04/04/2016,80.3285282201532,7758.8
01/04/2016,84.1133479525381,7713.05
31/03/2016,84.1133479525381,7738.4
30/03/2016,78.3428266819109,7735.2
29/03/2016,70.3037686952582,7597
28/03/2016,76.7095348358525,7615.1
23/03/2016,82.7120533974547,7716.5
22/03/2016,81.4003015759684,7714.9
21/03/2016,81.5054285027591,7704.25
18/03/2016,78.6411916828798,7604.35
17/03/2016,80.5726041811396,7512.55
16/03/2016,85,7498.75
15/03/2016,82.0285287111222,7460.6
14/03/2016,78.0349282389093,7538.75
11/03/2016,75.7136219293078,7510.2
10/03/2016,74.5437177374028,7486.15
09/03/2016,71.1813643912432,7531.8
08/03/2016,68.7292937564737,7485.3
04/03/2016,68.4759982255586,7485.35
03/03/2016,65.8000438442151,7475.6
02/03/2016,58.9804907293641,7368.85
01/03/2016,43.6151509267506,7222.3
29/02/2016,35.9297179106163,6987.05
26/02/2016,28.9980461455695,7029.75
25/02/2016,26.1266403622711,6970.6
24/02/2016,32.9234750074779,7018.7
23/02/2016,36.8856900424685,7109.55
22/02/2016,39.2045242793341,7234.55
19/02/2016,34.7062880093362,7210.75
18/02/2016,40.4965500419072,7191.75
17/02/2016,40.0112148755727,7108.45
16/02/2016,38.1430864488936,7048.25
15/02/2016,42.7516623610524,7162.95
12/02/2016,31.457918411708,6980.95
11/02/2016,22.9734976152713,6976.35
10/02/2016,22.7942645532969,7215.7
09/02/2016,26.8058453563136,7298.2
08/02/2016,37.1028170064784,7387.25
05/02/2016,37.6973320124853,7489.1
04/02/2016,23.8401420704381,7404
03/02/2016,19.2405773500644,7361.8
02/02/2016,24.9243387852094,7455.55
01/02/2016,28.7021241093443,7555.95
29/01/2016,29.0437063691151,7563.55
28/01/2016,27.2642228076851,7424.65
27/01/2016,28.1301749531732,7437.75
25/01/2016,29.4373432820853,7436.15
22/01/2016,30.6450478696068,7422.45
21/01/2016,26.701141784762,7276.8
20/01/2016,25.4748810393088,7309.3
19/01/2016,27.0944068945974,7435.1
18/01/2016,20.8365290417203,7351
15/01/2016,16.0309277664668,7437.8
14/01/2016,22.1203194714782,7536.8
13/01/2016,22.1203194714782,7562.4
12/01/2016,17.7839804557772,7510.3
11/01/2016,22.0611913478808,7563.85
08/01/2016,19.8573273759039,7601.35
07/01/2016,27.3166182175691,7568.3
06/01/2016,48.020659094303,7741
05/01/2016,54.9184792395262,7784.65
04/01/2016,62.0478454576258,7791.3
01/01/2016,72.8500989677344,7963.2
31/12/2015,68.0640758385935,7946.35
30/12/2015,61.9153573467249,7896.25
29/12/2015,60.9859580106668,7928.95
28/12/2015,60.1987619839071,7925.15
24/12/2015,58.7168768850676,7861.05
23/12/2015,53.9850165838864,7865.95
22/12/2015,59.6761133482148,7786.1
21/12/2015,62.6939679515988,7834.45
18/12/2015,57.9097236517471,7761.95
17/12/2015,47.0665440871261,7844.35
16/12/2015,27.2091870512564,7750.9
15/12/2015,22.0868431306804,7700.9
14/12/2015,21.33999736329,7650.05
11/12/2015,26.4829397487145,7610.45
10/12/2015,32.7293428745192,7683.3
09/12/2015,30.8542096517725,7612.5
08/12/2015,32.5887915175935,7701.7
07/12/2015,33.2476037991811,7765.4
04/12/2015,45.7204628055214,7781.9
03/12/2015,58.5283830851676,7864.15
02/12/2015,61.3970695148274,7931.35
01/12/2015,60.2582275680538,7954.9
30/11/2015,58.8094417850344,7935.25
27/11/2015,56.851742905768,7942.7
26/11/2015,51.7917109676236,7883.8
24/11/2015,45.148878167598,7831.6
23/11/2015,41.1802459123619,7849.25
20/11/2015,43.7971886718071,7856.55
19/11/2015,40.9888196103206,7842.75
18/11/2015,44.2180879034978,7731.8
17/11/2015,50.5126204849033,7837.55
16/11/2015,51.4950448732695,7806.6
13/11/2015,57.0137188928366,7762.25
11/11/2015,52.0905304089457,7783.35
10/11/2015,48.4567664324554,7783.35
09/11/2015,51.9671059578861,7915.2
06/11/2015,47.3065156679598,7954.3
05/11/2015,51.2040496327621,7955.45
04/11/2015,54.8221991183459,8040.2
03/11/2015,51.2014167188215,8060.7
02/11/2015,57.0693366573467,8050.8
30/10/2015,65.1561036843436,8065.8
29/10/2015,63.5909020422313,8111.75
28/10/2015,67.5058865361941,8171.2
27/10/2015,71.0044783028638,8232.9
26/10/2015,70.2154919944562,8260.55
23/10/2015,69.9373384442879,8295.45
21/10/2015,66.8494297316443,8251.7
20/10/2015,67.8913290472657,8261.65
19/10/2015,66.8802215834503,8275.05
16/10/2015,66.9136998598846,8238.15
15/10/2015,66.4572846618617,8179.5
14/10/2015,67.3225321734174,8107.9
13/10/2015,69.7119379450512,8131.7
12/10/2015,68.7909897032607,8143.6
09/10/2015,63.1008330442207,8189.7
08/10/2015,59.3896735132376,8129.35
07/10/2015,58.4176981050404,8177.4
06/10/2015,57.5228811256485,8152.9
05/10/2015,49.3611200108352,8119.3
01/10/2015,39.7399160047922,7950.9
30/09/2015,41.7764330104413,7948.9
29/09/2015,35.6617035945292,7843.3
28/09/2015,25.8043690411931,7795.7
24/09/2015,29.6014268479351,7868.5
23/09/2015,31.1495965810214,7845.95
22/09/2015,34.3941953479279,7812
21/09/2015,40.8991095514941,7977.1
18/09/2015,42.9221960025694,7981.9
16/09/2015,39.755593038997,7899.15
15/09/2015,35.1544739382153,7829.1
14/09/2015,33.3142676070861,7872.25
11/09/2015,26.0937437607456,7789.3
10/09/2015,30.3552194044408,7788.1
09/09/2015,38.202088249944,7818.6
08/09/2015,29.4593840310427,7688.25
07/09/2015,17.475912779842,7558.8
04/09/2015,23.5633044128861,7655.05
03/09/2015,23.5633044128861,7823
02/09/2015,15,7717
01/09/2015,15.6330283296097,7785.85
31/08/2015,21.8621105643609,7971.3
28/08/2015,29.8009534071628,8001.95
27/08/2015,23.5718711724116,7948.95
26/08/2015,16.825760722115,7791.85
25/08/2015,18.178783455603,7880.7
24/08/2015,24.0219384573957,7809
21/08/2015,29.9138980713026,8299.95
20/08/2015,35.1409948350544,8372.75
19/08/2015,40.0348144737255,8495.15
18/08/2015,41.1434980027772,8466.55
17/08/2015,50.4417161998313,8477.3
14/08/2015,46.5903238347516,8518.55
13/08/2015,41.93495114264,8355.85
12/08/2015,48.8061464145745,8349.45
11/08/2015,56.3529876712952,8462.35
10/08/2015,64.9129795059607,8525.6
07/08/2015,66.7438487293602,8564.6
06/08/2015,70.5342531725587,8588.65
05/08/2015,74.5540263860996,8567.95
04/08/2015,76.5980819793506,8516.9
03/08/2015,78.0063540015558,8543.05
31/07/2015,75.8032192660093,8532.85
30/07/2015,68.0223954865841,8421.8
29/07/2015,62.7025613583061,8375.05
28/07/2015,60.3241102941953,8337
27/07/2015,69.1419369794554,8361
24/07/2015,81.0311557038802,8521.55
23/07/2015,83.3173470877636,8589.8
22/07/2015,81.2414449762041,8633.5
21/07/2015,76.0322527997421,8529.45
20/07/2015,79.662593778653,8603.45
17/07/2015,84.8717859551151,8609.85
16/07/2015,79.5837075109517,8608.05
15/07/2015,76.7208193575731,8523.8
14/07/2015,81.5343872562847,8454.1
13/07/2015,73.8527563350757,8459.65
10/07/2015,65.2248750191592,8360.55
09/07/2015,61.1629853440621,8328.55
08/07/2015,67.9048296767227,8363.05
07/07/2015,81.0466463941336,8510.8
06/07/2015,76.2652295378286,8522.15
03/07/2015,72.4626158307468,8484.9
02/07/2015,78.6027337584426,8444.9
01/07/2015,76.2888229509697,8453.05
30/06/2015,66.2707102658616,8368.5
29/06/2015,70.5432301483844,8318.4
26/06/2015,77.7472373356315,8381.1
25/06/2015,69.0465436699136,8398
24/06/2015,59.8593282446096,8360.85
23/06/2015,61.6075382715195,8381.55
22/06/2015,58.5558108445392,8353.1
19/06/2015,48.1561530180809,8224.95
18/06/2015,46.2934047573078,8174.6
17/06/2015,41.3385343375277,8091.55
16/06/2015,32.8620357721598,8047.3
15/06/2015,32.4941485186051,8013.9
12/06/2015,28.8323283317071,7982.9
11/06/2015,34.1916034029321,7965.35
10/06/2015,39.7295783305769,8124.45
09/06/2015,32.4223964233921,8022.4
08/06/2015,29.2670611215771,8044.15
05/06/2015,34.0046662294829,8114.7
04/06/2015,34.4748088720283,8130.65
03/06/2015,30.3038731211895,8135.1
02/06/2015,37.9539246187089,8236.45
01/06/2015,49.5902390311893,8433.4
29/05/2015,45.0660094261114,8433.65
28/05/2015,39.285881393327,8319
27/05/2015,45.9861885099088,8334.6
26/05/2015,45.3641755789556,8339.35
25/05/2015,38.3811966032357,8370.25
22/05/2015,39.1013087602254,8458.95
21/05/2015,37.9121356456279,8421
20/05/2015,31.2680544081286,8423.25
19/05/2015,31.8752304299441,8365.65
18/05/2015,30.5964702362486,8373.65
15/05/2015,32.9574720052437,8262.35
14/05/2015,33.3117594174803,8224.2
13/05/2015,22.4567394390175,8235.45
12/05/2015,25.7431070219167,8126.95
11/05/2015,29.3263353155195,8325.25
08/05/2015,20.0189694276456,8191.5
07/05/2015,15.6767135515478,8057.3
06/05/2015,22.1123389266735,8097
05/05/2015,28.3886325624952,8324.8
04/05/2015,24.7958176213988,8331.95
30/04/2015,18.2363893115567,8181.5
29/04/2015,18.3639305709567,8239.75
28/04/2015,17.9703516934292,8285.6
27/04/2015,18.7380413978496,8213.8
24/04/2015,20.6464127170215,8305.25
23/04/2015,22.4629737974739,8398.3
22/04/2015,24.9945924087929,8429.7
21/04/2015,23.9894110236705,8377.75
20/04/2015,29.3806570249692,8448.1
17/04/2015,35.766903062774,8606
16/04/2015,43.4471145984108,8706.7
15/04/2015,49.1281461149971,8750.2
13/04/2015,48.0527117364065,8834
10/04/2015,49.1238456255609,8780.35
09/04/2015,43.5973780003244,8778.3
08/04/2015,37.7614616879738,8714.4
07/04/2015,37.7487501514071,8660.3
06/04/2015,32.8565824765041,8659.9
01/04/2015,25.3231445699317,8586.25
31/03/2015,27.1583974177454,8491
30/03/2015,29.8317339365022,8492.3
27/03/2015,21.0367325392168,8341.4
26/03/2015,19.4627085335218,8342.15
25/03/2015,24.9523896969051,8530.8
24/03/2015,26.3086131706436,8542.95
23/03/2015,25.8143450747505,8550.9
20/03/2015,26.4500971938611,8570.9
19/03/2015,35.1166485319728,8634.65
18/03/2015,42.840740417399,8685.9
17/03/2015,44.4972136401178,8723.3
16/03/2015,43.2599750489675,8633.15
13/03/2015,54.9243098954234,8647.75
12/03/2015,61.426622679739,8776
11/03/2015,50.7513916439022,8699.95
10/03/2015,50.6461236264611,8712.05
09/03/2015,59.3923538742845,8756.75
05/03/2015,62.4872782488846,8937.75
04/03/2015,61.8106753967943,8922.65
03/03/2015,65.5871184272655,8996.25
02/03/2015,67.4700521290193,8956.75
28/02/2015,67.0300227730674,8901.85
27/02/2015,55.4302359675956,8844.6
26/02/2015,49.9188967582334,8683.85
25/02/2015,57.7802706967342,8767.25
24/02/2015,55.0569746080326,8762.1
23/02/2015,57.6566414735485,8754.95
20/02/2015,67.3236061504616,8833.6
19/02/2015,72.401146367826,8895.3
18/02/2015,73.0281187008111,8869.1
16/02/2015,66.4922562431131,8809.35
13/02/2015,59.6494079282807,8805.5
12/02/2015,55.6738029597064,8711.55
11/02/2015,51.0098904129723,8627.4
10/02/2015,47.1786588774901,8565.55
09/02/2015,52.7515792481502,8526.35
06/02/2015,53.787636268419,8661.05
05/02/2015,57.2206358392195,8711.7
04/02/2015,63.7787325684736,8723.7
03/02/2015,65.1563546054116,8756.55
02/02/2015,65.780356240445,8797.4
30/01/2015,65.2755207680271,8808.9
29/01/2015,68.9345068120134,8952.35
28/01/2015,69.15469626844,8914.3
27/01/2015,65.2157359497387,8910.5
23/01/2015,56.3689135822686,8835.6
22/01/2015,51.0800967506853,8761.4
21/01/2015,54.5183520698657,8729.5
20/01/2015,50.9973174181725,8695.6
19/01/2015,43.0195788260622,8550.7
16/01/2015,44.8638261331369,8513.8
15/01/2015,33.8148635219272,8494.15
14/01/2015,22.4213312645286,8277.55
13/01/2015,26.7224406673547,8299.4
12/01/2015,26.2243257548513,8323
09/01/2015,26.1321873615948,8284.5
08/01/2015,23.3766284497428,8234.6
07/01/2015,17.181568642467,8102.1
06/01/2015,26.211489368278,8127.35
05/01/2015,45.2626074925611,8378.4
02/01/2015,50.1029559803194,8395.45
01/01/2015,47.4549342216487,8284
31/12/2014,41.7325023504621,8282.7
30/12/2014,36.0137644671576,8248.25
29/12/2014,40.3560140646012,8246.3
26/12/2014,32.9695559633182,8200.7
24/12/2014,22.4118798587926,8174.1
23/12/2014,29.0167221301233,8267
22/12/2014,26.7488553303993,8324
19/12/2014,26.523971724498,8225.2
18/12/2014,35.4735887232808,8159.3
17/12/2014,32.701110946763,8029.8
16/12/2014,33.4963294874075,8067.6
15/12/2014,38.6284263700229,8219.6
12/12/2014,45.1598307796039,8224.1
11/12/2014,55.5243457740626,8292.9
10/12/2014,56.5462784988677,8355.65
09/12/2014,55.6646172017347,8340.7
08/12/2014,63.6058505216811,8438.25
05/12/2014,70.2082460229441,8538.3
04/12/2014,73.1381436170836,8564.4
03/12/2014,74.2331970465745,8537.65
02/12/2014,69.2496134778019,8524.7
01/12/2014,69.0143901408505,8555.9
28/11/2014,69.0611078947165,8588.25
27/11/2014,65.9045117600932,8494.2
26/11/2014,56.8746414514626,8475.75
25/11/2014,56.5372641080959,8463.1
24/11/2014,63.2031640950447,8530.15
21/11/2014,55.5826995816478,8477.35
20/11/2014,46.5925362619232,8401.9
19/11/2014,49.056584049047,8382.3
18/11/2014,58.4773203840475,8425.9
17/11/2014,62.8166282074383,8430.75
14/11/2014,62.5577909508064,8389.9
13/11/2014,61.3954912995373,8357.85
12/11/2014,60.311965312643,8383.3
11/11/2014,58.3209656147169,8362.65
10/11/2014,59.8328025727352,8344.25
07/11/2014,59.134236608914,8337
05/11/2014,57.8374872874483,8338.3
03/11/2014,61.0644156444205,8324.15
31/10/2014,62.3779184359196,8322.2
30/10/2014,58.5697286729247,8169.2
29/10/2014,53.277008237932,8090.45
28/10/2014,45.3984882822393,8027.6
27/10/2014,42.1156671616597,7991.7
23/10/2014,43.9159389042446,8014.55
22/10/2014,40.2672612538482,7995.9
21/10/2014,37.6105120089459,7927.75
20/10/2014,35.8622390107578,7879.4
17/10/2014,29.9410493831551,7779.7
16/10/2014,26.1532311493203,7748.2
14/10/2014,30.2601170607162,7864
13/10/2014,34.3764469122376,7884.25
10/10/2014,40.4140956616822,7859.95
09/10/2014,44.7186686856914,7960.55
08/10/2014,41.2311692542838,7842.7
07/10/2014,45.4743786819679,7852.4
01/10/2014,46.6346887954822,7945.55
30/09/2014,39.6128263028799,7964.8
29/09/2014,44.8264085802858,7958.9
26/09/2014,39.1140632296902,7968.85
25/09/2014,30.9361354908163,7911.85
24/09/2014,37.2546401512892,8002.4
23/09/2014,47.165184178201,8017.55
22/09/2014,54.0561483547921,8146.3
19/09/2014,59.7298642730209,8121.45
18/09/2014,60.1403011862213,8114.75
17/09/2014,51.6604084366859,7975.5
16/09/2014,58.503907384121,7932.9
15/09/2014,69.6465279264736,8042
12/09/2014,75.999656951152,8105.5
11/09/2014,77.5969195045304,8085.7
10/09/2014,77.1253564306138,8094.1
09/09/2014,79.3557411592903,8152.95
08/09/2014,73.5734377490762,8173.9
05/09/2014,66.0127841210176,8086.85
04/09/2014,66.8499740762473,8095.95
03/09/2014,69.1635885814323,8114.6
02/09/2014,72.0733080496126,8083.05
01/09/2014,66.9332432600885,8027.7
28/08/2014,60.3251784958729,7954.35
27/08/2014,60.6807771740588,7936.05
26/08/2014,56.199358054138,7904.75
25/08/2014,55.5197199027252,7906.3
22/08/2014,59.5580117429945,7913.2
21/08/2014,54.7783484792941,7891.1
20/08/2014,54.5237627229725,7875.3
19/08/2014,60.8428304537063,7897.5
18/08/2014,56.9675822891266,7874.25
14/08/2014,44.1872474670418,7791.7
13/08/2014,38.8919810949365,7739.55
12/08/2014,38.6253089204859,7727.05
11/08/2014,31.9236028981979,7625.95
08/08/2014,36.4262110632809,7568.55
07/08/2014,42.8171542625808,7649.25
06/08/2014,48.5172594788833,7672.05
05/08/2014,56.211247636614,7746.55
04/08/2014,54.68484686173,7683.65
01/08/2014,51.9706511897129,7602.6
31/07/2014,51.5931658270177,7721.3
30/07/2014,47.3203861335672,7791.4
28/07/2014,40.1785603369718,7748.7
25/07/2014,42.3980468531864,7790.45
24/07/2014,45.1689377250839,7830.6
23/07/2014,42.1102715401868,7795.75
22/07/2014,34.1034571879541,7767.85
21/07/2014,28.4417102136022,7684.2
18/07/2014,29.5515658717678,7663.9
17/07/2014,32.6438315066101,7640.45
16/07/2014,39.0529465425662,7624.4
15/07/2014,41.9201986154633,7526.65
14/07/2014,34.5872893195248,7454.15
11/07/2014,32.8638834578448,7459.6
10/07/2014,38.6929765969356,7567.75
09/07/2014,36.6379027360495,7585
08/07/2014,45.5788953413705,7623.2
07/07/2014,60.164599302093,7787.15
04/07/2014,58.9593153719258,7751.6
03/07/2014,54.4931009614817,7714.8
02/07/2014,53.1823613362406,7725.15
01/07/2014,56.8220195042901,7634.7
30/06/2014,57.0023240269618,7611.35
27/06/2014,43.2990444523955,7508.8
26/06/2014,37.6048712816942,7493.2
25/06/2014,43.2517978895356,7569.25
24/06/2014,41.4639836435895,7580.2
23/06/2014,40.7887670699785,7493.35
20/06/2014,40.6651025574327,7511.45
19/06/2014,37.8372854066053,7540.7
18/06/2014,47.5141823056195,7558.2
17/06/2014,51.6591035840116,7631.7
16/06/2014,43.4224817417375,7533.55
13/06/2014,47.3310842672786,7542.1
12/06/2014,53.1484082325325,7649.9
11/06/2014,56.8339316129618,7626.85
10/06/2014,64.4100186797427,7656.4
09/06/2014,64.9512410828629,7654.6
06/06/2014,63.0602824235946,7583.4
05/06/2014,63.2974785621811,7474.1
04/06/2014,63.2333716412303,7402.25
03/06/2014,63.3778670525926,7415.85
02/06/2014,58.0240687317227,7362.5
30/05/2014,51.8464265972549,7229.95
29/05/2014,57.7130053334061,7235.65
28/05/2014,57.9101468351662,7329.65
27/05/2014,52.5570967487567,7318
26/05/2014,66.234180249781,7359.05
23/05/2014,75.2435388451816,7367.1
22/05/2014,70.5935867771008,7276.4
21/05/2014,69.1121840866316,7252.9
20/05/2014,70.961881912068,7275.5
19/05/2014,65.286211576321,7263.55
16/05/2014,52.5649243890093,7203
15/05/2014,53.9437969084653,7123.15
14/05/2014,57.6527952238405,7108.75
13/05/2014,53.8777938195365,7108.75
12/05/2014,46.1702975566284,7014.25
09/05/2014,29.9452737626016,6858.8
08/05/2014,22.8601200119578,6659.85
07/05/2014,28.7918474733757,6652.55
06/05/2014,33.005413799641,6715.3
05/05/2014,34.5724554345508,6699.35
02/05/2014,33.9718753009711,6694.8
30/04/2014,35.4242807916482,6696.4
29/04/2014,42.9233797301154,6715.25
28/04/2014,49.6100702770085,6761.25
25/04/2014,48.0536815399453,6782.75
23/04/2014,46.1211592105097,6840.8
22/04/2014,51.1541736413105,6815.35
21/04/2014,51.8971093791289,6817.65
17/04/2014,39.0501012258274,6779.4
16/04/2014,32.312459130795,6675.3
15/04/2014,45.1520672187832,6733.1
11/04/2014,61.4230418738726,6776.3
10/04/2014,69.3089909689554,6796.4
09/04/2014,67.3670908594926,6796.2
07/04/2014,60.370101836115,6695.05
04/04/2014,53.6825314121939,6694.35
03/04/2014,59.4803468751851,6736.1
02/04/2014,69.7084392474807,6752.55
01/04/2014,68.7412799397371,6721.05
31/03/2014,69.9411389699646,6704.2
28/03/2014,75.0087411984531,6695.9
27/03/2014,77.7961311153433,6641.75
26/03/2014,80.853816705608,6601.4
25/03/2014,83.7899466974414,6589.75
24/03/2014,81.3346439238652,6583.5
22/03/2014,78.220512514077,6494.9
21/03/2014,73.4505540574615,6493.2
20/03/2014,73.4681243079635,6483.1
19/03/2014,75.8318223319436,6524.05
14/03/2014,69.4762844990794,6504.2
13/03/2014,66.4357516524473,6493.1
12/03/2014,66.889835706482,6516.9
11/03/2014,68.6541547503365,6511.9
10/03/2014,71.6887345375642,6537.25
06/03/2014,74.5630752648106,6401.15
05/03/2014,71.4772223795351,6328.65
04/03/2014,57.1695687703823,6297.95
03/03/2014,53.9458469063832,6221.45
28/02/2014,58.5782240311716,6276.95
26/02/2014,48.5812875111439,6238.8
25/02/2014,40.8998436703605,6200.05
24/02/2014,39.2114394256373,6186.1
21/02/2014,34.9802009609828,6155.45
20/02/2014,33.8741060932921,6091.45
19/02/2014,39.4140295313072,6152.75
18/02/2014,33.8547939931579,6127.1
17/02/2014,28.761605798377,6073.3
14/02/2014,22.8027218917246,6048.35
13/02/2014,26.4419240301484,6001.1
12/02/2014,32.3366216948203,6084
11/02/2014,26.4666097584087,6062.7
10/02/2014,29.3053615405117,6053.45
07/02/2014,25.6486934418456,6063.2
06/02/2014,18.3118685122695,6036.3
04/02/2014,21.0764059506474,6000.9
03/02/2014,21.1034492435332,6001.8
31/01/2014,22.9617348642107,6089.5
30/01/2014,18.4694735354542,6073.7
29/01/2014,22.0072226890896,6120.25
28/01/2014,20.3960347743128,6126.25
27/01/2014,18.9149439181097,6135.85
24/01/2014,31.8246167520871,6266.75
23/01/2014,41.0395563102349,6345.65
22/01/2014,38.5528334578189,6338.95
21/01/2014,37.9816299432454,6313.8
17/01/2014,31.8740930825271,6261.65
16/01/2014,36.2699700122138,6318.9
15/01/2014,31.4318154163265,6320.9
14/01/2014,29.8153505014948,6241.85
13/01/2014,32.2697237030188,6272.75
10/01/2014,31.8180866575035,6171.45
09/01/2014,36.168261912885,6168.35
08/01/2014,39.4634799675464,6174.6
07/01/2014,39.483133332087,6162.25
06/01/2014,41.8096012709353,6191.45
03/01/2014,42.1202255648395,6211.15
02/01/2014,50.7028646953574,6221.15
01/01/2014,60.9034775275198,6301.65
31/12/2013,60.7509446873791,6304
30/12/2013,60.8980699035668,6291.1
27/12/2013,56.0754613657814,6313.8
26/12/2013,54.4558755986375,6278.9
24/12/2013,59.0896046987388,6268.4
23/12/2013,59.2091123937466,6284.5
20/12/2013,56.25296811832,6274.25
19/12/2013,60.9344953388302,6166.65
18/12/2013,61.1919804837449,6217.15
17/12/2013,53.1384833981717,6139.05
16/12/2013,49.6413055159109,6154.7
13/12/2013,53.8959703122922,6168.4
12/12/2013,62.4132883967842,6237.05
11/12/2013,62.7276909879875,6307.9
10/12/2013,71.654715351717,6332.85
09/12/2013,70.3500927707151,6363.9
06/12/2013,60.3562102121679,6259.9
04/12/2013,46.2245313290687,6160.95
03/12/2013,50.9027472983366,6201.85
02/12/2013,59.1743803203908,6217.85
29/11/2013,59.1935516666457,6176.1
28/11/2013,52.3210675253042,6091.85
27/11/2013,49.3019513865275,6057.1
25/11/2013,51.7152540347274,6115.35
22/11/2013,42.0430977564509,5995.45
21/11/2013,44.3052069068235,5999.05
20/11/2013,56.2804507528144,6122.9
19/11/2013,68.2835947901538,6203.35
18/11/2013,71.0115219710089,6189
13/11/2013,59.6447275319902,5989.6
11/11/2013,69.792122030925,6078.8
08/11/2013,70.9909929588131,6140.75
07/11/2013,67.8354247183369,6187.25
06/11/2013,70.9991225082053,6215.15
03/11/2013,82.1685692674045,6324.95
31/10/2013,78.8033881020786,6299.15
30/10/2013,76.9251474316634,6251.7
28/10/2013,67.1541820146902,6101.1
25/10/2013,72.6130420982964,6144.9
24/10/2013,75.479402065167,6164.35
22/10/2013,82.3138001171167,6202.8
18/10/2013,80.9506379294814,6189.35
17/10/2013,80.7249205586785,6045.85
15/10/2013,84.774282629197,6089.05
14/10/2013,84.8543571065628,6112.7
10/10/2013,78.6616307004255,6020.95
09/10/2013,75.733169423814,6007.45
08/10/2013,69.8524283591499,5928.4
07/10/2013,70.0613955744127,5906.15
04/10/2013,74.9196766139337,5907.3
01/10/2013,69.5252251731383,5780.05
30/09/2013,64.7518702523066,5735.3
26/09/2013,72.1231973168975,5882.25
25/09/2013,72.4691461743516,5873.85
24/09/2013,67.0731596584648,5892.45
23/09/2013,68.6953296871247,5889.75
20/09/2013,79.1219242428972,6012.1
19/09/2013,74.181946585005,6115.55
18/09/2013,63.3581077088891,5899.45
17/09/2013,65.3978591568026,5850.2
16/09/2013,66.9778368209253,5840.55
11/09/2013,59.2847039745585,5913.15
10/09/2013,51.8819433602859,5896.75
06/09/2013,43.6516214603443,5680.4
04/09/2013,26.577266451452,5448.1
02/09/2013,29.5179870937177,5550.75
29/08/2013,19.9157945650627,5409.05
28/08/2013,18.3347865833622,5285
27/08/2013,16.8541017828131,5287.45
26/08/2013,20.1957641837327,5476.5
23/08/2013,22.9119993078477,5471.75
22/08/2013,19.570336906928,5408.45
21/08/2013,20.7264990470993,5302.55
19/08/2013,16.1898752180388,5414.75
16/08/2013,32.2076996001158,5507.85
14/08/2013,48.6426491008536,5742.3
13/08/2013,41.9929997418357,5699.3
12/08/2013,38.4043962612732,5612.4
08/08/2013,38.1820406258717,5565.65
07/08/2013,34.2662062267551,5519.1
06/08/2013,35.0618666407229,5542.25
05/08/2013,32.08445269547,5685.4
02/08/2013,32.0564620993739,5677.9
31/07/2013,45.0443483638221,5742
30/07/2013,42.9015092268977,5755.05
29/07/2013,47.7658470662486,5831.65
26/07/2013,47.1684741268768,5886.2
25/07/2013,44.2159734137749,5907.5
19/07/2013,48.8519867062346,6029.2
17/07/2013,34.8547166641662,5973.3
16/07/2013,39.9440648639524,5955.25
15/07/2013,41.9446657689912,6030.8
12/07/2013,42.5898969332932,6009
11/07/2013,38.8490454898384,5935.1
09/07/2013,43.2525999389206,5859
08/07/2013,40.4751914956787,5811.55
05/07/2013,42.3872924104367,5867.9
04/07/2013,36.7442232057692,5836.95
03/07/2013,36.4517817021129,5770.9
28/06/2013,39.6692676400327,5842.2
27/06/2013,25.4715362878378,5682.35
26/06/2013,19.781410194341,5588.7
25/06/2013,22.2589835079652,5609.1
24/06/2013,19.5123059057113,5590.25
21/06/2013,16.9798496092549,5667.65
19/06/2013,24.2272015491517,5822.25
17/06/2013,27.29214091159,5850.05
14/06/2013,24.7794986247048,5808.4
13/06/2013,24.9748045255899,5699.1
12/06/2013,24.2153004328642,5760.2
11/06/2013,23.6022013689471,5788.8
10/06/2013,27.7156650078663,5878
07/06/2013,36.6667620575588,5881
06/06/2013,44.6449443213274,5921.4
05/06/2013,41.2684793259201,5923.85
04/06/2013,39.3138749427697,5919.45
03/06/2013,37.0400406860999,5939.3
31/05/2013,39.5901789413251,5985.95
30/05/2013,45.0022395298621,6124.05
29/05/2013,49.7027209349105,6104.3
28/05/2013,58.3883189412825,6111.25
27/05/2013,53.1432929452519,6083.15
23/05/2013,44.4168852031507,5967.05
22/05/2013,51.3471230136599,6094.5
20/05/2013,57.5303554955025,6156.9
16/05/2013,64.1938521818902,6169.9
15/05/2013,60.9635879687877,6146.75
14/05/2013,52.290637621938,5995.4
13/05/2013,54.7374956288687,5980.45
11/05/2013,61.5027471682419,6107.25
10/05/2013,57.344219859517,6094.75
09/05/2013,52.8549075312152,6050.15
08/05/2013,56.0151076959089,6069.3
07/05/2013,66.2441581675032,6043.55
06/05/2013,70.5071343163287,5971.05
03/05/2013,71.2357020051194,5944
02/05/2013,74.8720629731979,5999.35
30/04/2013,79.3057469063051,5930.2
29/04/2013,79.1214624582292,5904.1
26/04/2013,73.6258667482429,5871.45
25/04/2013,65.2604854394764,5916.3
23/04/2013,57.9327702509243,5836.9
22/04/2013,56.227946646128,5834.4
18/04/2013,47.3685909193204,5783.1
17/04/2013,45.7997439840461,5688.7
16/04/2013,48.7006350899508,5688.95
15/04/2013,42.724185111343,5568.4
12/04/2013,39.8361389309137,5528.55
11/04/2013,41.1292596016234,5594
10/04/2013,34.4284241723296,5558.7
09/04/2013,29.8484082224737,5495.1
08/04/2013,34.9343304020684,5542.95
05/04/2013,36.1922110530764,5553.25
04/04/2013,41.3755985190301,5574.75
03/04/2013,50.2407263169257,5672.9
02/04/2013,48.6739903637308,5748.1
01/04/2013,40.4233023965922,5704.4
28/03/2013,27.4144264394358,5682.55
26/03/2013,46.7191243006879,5641.6
22/03/2013,15.5777937235313,5651.35
21/03/2013,15,5658.75
20/03/2013,15,5694.4
19/03/2013,20.3620248523717,5745.95
18/03/2013,28.0517701541554,5835.25
15/03/2013,37.2133521340367,5872.6
14/03/2013,33.8904470093933,5908.95
13/03/2013,29.0507770199759,5851.2
12/03/2013,37.3117503887422,5914.1
11/03/2013,44.6165266519872,5942.35
08/03/2013,45.5692362378121,5945.7
07/03/2013,40.9338720122137,5863.3
06/03/2013,42.7602932531573,5818.6
05/03/2013,38.6597986014407,5784.25
04/03/2013,32.1154193210293,5698.5
01/03/2013,28.4030610586255,5719.7
28/02/2013,29.5013530459083,5693.05
27/02/2013,28.906742726057,5796.9
26/02/2013,24.9307378634231,5761.35
25/02/2013,30.3812653816267,5854.75
22/02/2013,27.6221931747883,5850.3
21/02/2013,26.1753784547576,5852.25
20/02/2013,34.2424482155328,5943.05
19/02/2013,31.036344270766,5939.7
18/02/2013,22.363038817267,5898.2
15/02/2013,21.0984213998885,5887.4
14/02/2013,18.5640949380468,5896.95
13/02/2013,16.0153521073107,5932.95
12/02/2013,17.4520823991469,5922.5
11/02/2013,16.6888910303512,5897.85
08/02/2013,16.3353332525314,5903.5
07/02/2013,23.0882332990446,5938.8
06/02/2013,29.6672916060051,5959.2
05/02/2013,28.5427810957957,5956.9
04/02/2013,33.4708860219505,5987.25
01/02/2013,43.8754117610709,5998.9
31/01/2013,45.4225045304204,6034.75
30/01/2013,39.2885802045301,6055.75
29/01/2013,35.4213201163973,6049.9
28/01/2013,42.9772746544793,6074.8
25/01/2013,41.9436458808119,6074.65
24/01/2013,40.304696635345,6019.35
23/01/2013,46.5685386245749,6054.3
22/01/2013,54.8423955943536,6048.5
21/01/2013,63.5087640643871,6082.3
18/01/2013,61.4070773793865,6064.4
17/01/2013,52.2170430756066,6039.2
16/01/2013,54.1371547058313,6001.85
15/01/2013,68.6882265034968,6056.6
14/01/2013,65.3380678740969,6024.05
11/01/2013,65.3150862318834,5951.3
10/01/2013,74.23427431529,5968.65
09/01/2013,76.831942914179,5971.5
08/01/2013,77.0881088961904,6001.7
07/01/2013,78.0769087840226,5988.4
04/01/2013,79.1152450269561,6016.15
03/01/2013,74.6786721100797,6009.5
02/01/2013,75.6621809742346,5993.25
01/01/2013,67.9257007533627,5950.85
31/12/2012,61.9395671846589,5905.1
28/12/2012,55.9141572466865,5908.35
27/12/2012,47.8487522835408,5870.1
26/12/2012,47.8885738485756,5905.6
24/12/2012,40.0431317083499,5855.75
21/12/2012,42.6684846444657,5847.7
20/12/2012,52.068703547903,5916.4
19/12/2012,55.531670713921,5929.6
18/12/2012,50.6433706090114,5896.8
17/12/2012,47.5065912414243,5857.9
14/12/2012,46.7198461693743,5879.6
13/12/2012,48.951448564043,5851.5
12/12/2012,52.6667948626924,5888
11/12/2012,57.128493689061,5898.8
10/12/2012,58.9139864403847,5908.9
07/12/2012,59.3933170088421,5907.4
06/12/2012,59.3651639877233,5930.9
05/12/2012,54.1748828675981,5900.5
04/12/2012,58.8485687604831,5889.25
03/12/2012,61.0510233995471,5870.95
30/11/2012,54.1598816274513,5879.85
29/11/2012,46.1981546272341,5825
27/11/2012,36.5289002952396,5727.45
26/11/2012,26.0037263936002,5635.9
23/11/2012,22.94836021458,5626.6
22/11/2012,24.6886013723054,5627.75
21/11/2012,20.4075370960098,5614.8
20/11/2012,15,5571.55
19/11/2012,15,5571.4
16/11/2012,28.1930017482031,5574.05
15/11/2012,42.879789391304,5631
13/11/2012,44.2561990965174,5666.95
12/11/2012,42.6245278217055,5683.7
09/11/2012,48.6370674458359,5686.25
08/11/2012,55.2212232852867,5738.75
07/11/2012,53.5599646826759,5760.1
06/11/2012,50.3251291322839,5724.4
05/11/2012,55.0289247572577,5704.2
02/11/2012,61.1749687487384,5697.7
01/11/2012,57.9200491997033,5645.05
31/10/2012,51.4513304771677,5619.7
30/10/2012,50.5217645133418,5597.9
29/10/2012,55.2023017459872,5665.6
26/10/2012,56.6527735219515,5664.3
25/10/2012,57.0883031757786,5705.3
23/10/2012,66.0582905233471,5691.4
22/10/2012,66.0104269740613,5717.15
19/10/2012,67.0789846155054,5684.25
18/10/2012,75.2216292439578,5718.7
17/10/2012,68.2978849652552,5660.25
16/10/2012,67.7486917756264,5648
15/10/2012,66.28384909954,5687.25
12/10/2012,68.0740587723197,5676.05
11/10/2012,68.150798180228,5708.05
10/10/2012,61.8024848008717,5652.15
09/10/2012,59.812916106187,5704.6
08/10/2012,64.0775390501105,5676
05/10/2012,77.0291064766795,5746.95
04/10/2012,81.2203599839825,5787.6
03/10/2012,81.9126247777439,5731.25
01/10/2012,83.6533007474368,5718.8
28/09/2012,79.4800306035675,5703.3
27/09/2012,73.8304317876711,5649.5
26/09/2012,71.360151809052,5663.45
25/09/2012,67.4202553534696,5673.9
24/09/2012,66.2631348748434,5669.6
21/09/2012,61.9304424524044,5691.15
20/09/2012,60.8976355257072,5554.25
18/09/2012,64.577683278366,5600.05
17/09/2012,68.7997481622807,5610
14/09/2012,66.2917015598945,5577.65
13/09/2012,62.697493598611,5435.35
12/09/2012,62.1499153403793,5431
11/09/2012,54.5556323237685,5390
10/09/2012,54.9948832804643,5363.45
08/09/2012,58.2812862782338,5358.7
07/09/2012,47.0773301287054,5342.1
06/09/2012,34.2284045506099,5238.4
05/09/2012,42.4585845844083,5225.7
04/09/2012,44.8961243235349,5274
03/09/2012,37.4307347779104,5253.75
31/08/2012,46.5342654745041,5258.5
30/08/2012,52.1931365028888,5315.05
29/08/2012,49.6453387733163,5287.8
28/08/2012,48.1541203068643,5334.6
27/08/2012,51.6614809996881,5350.25
24/08/2012,56.7039054330394,5386.7
23/08/2012,57.8456564159993,5415.35
22/08/2012,65.2085440779558,5412.85
21/08/2012,67.3525178727693,5421
17/08/2012,66.1160740618466,5366.3
16/08/2012,72.0976753256884,5362.95
14/08/2012,75.8909154466155,5380.35
13/08/2012,71.2825340826477,5347.9
10/08/2012,69.4805123074254,5320.4
09/08/2012,70.6830193223408,5322.95
08/08/2012,73.8870940746327,5338
07/08/2012,77.7011466553791,5336.7
06/08/2012,70.7038364591463,5282.55
03/08/2012,66.0233956145929,5215.7
02/08/2012,69.0494575625597,5227.75
01/08/2012,68.3365835654409,5240.5
31/07/2012,70.3785729315036,5229
30/07/2012,66.3319174578937,5199.8
27/07/2012,49.0038230940741,5099.85
26/07/2012,43.7013106594761,5043
25/07/2012,50.6971768541924,5109.6
24/07/2012,49.9069585014815,5128.2
23/07/2012,52.355370103536,5117.95
20/07/2012,66.4747179837158,5205.1
19/07/2012,73.9611034834766,5242.7
18/07/2012,69.5347610574971,5216.3
17/07/2012,65.7134231422298,5192.85
16/07/2012,67.8038004586855,5197.25
13/07/2012,74.9076559986868,5227.25
12/07/2012,79.6915910983296,5235.25
11/07/2012,82.1197635686619,5306.3
10/07/2012,85,5345.35
09/07/2012,85,5275.15
06/07/2012,85,5316.95
05/07/2012,85,5327.3
04/07/2012,85,5302.55
03/07/2012,85,5287.95
02/07/2012,83.0562760681133,5278.6
29/06/2012,79.0148323392992,5278.9
28/06/2012,78.4707050052768,5149.15
27/06/2012,76.8281738494364,5141.9
26/06/2012,66.2616248104025,5120.8
25/06/2012,60.8996542729808,5114.65
22/06/2012,67.1871254922604,5146.05
21/06/2012,68.30325694943,5165
20/06/2012,62.2243852582897,5120.55
19/06/2012,50.2317273654252,5103.85
18/06/2012,48.7042014806389,5064.25
15/06/2012,47.8294887625139,5139.05
14/06/2012,45.0163666650948,5054.75
13/06/2012,51.1734648360624,5121.45
12/06/2012,46.8203510284369,5115.9
11/06/2012,48.152008123905,5054.1
08/06/2012,49.7920099685394,5068.35
07/06/2012,43.3258736591129,5049.65
06/06/2012,30.4453945180155,4997.1
05/06/2012,21.6406619782043,4863.3
04/06/2012,19.4207018413018,4848.15
01/06/2012,19.3743770062312,4841.6
31/05/2012,20.300038714104,4924.25
30/05/2012,24.4909246415477,4950.75
29/05/2012,34.2861417667012,4990.1
28/05/2012,31.932574198742,4985.65
25/05/2012,26.3676707444967,4920.4
24/05/2012,22.978443081909,4921.4
23/05/2012,18.4784698350821,4835.65
22/05/2012,23.5559946576202,4860.5
21/05/2012,30.6018371666421,4906.05
18/05/2012,27.7407855032993,4891.45
17/05/2012,23.9849309789484,4870.2
16/05/2012,30.7750384485757,4858.25
15/05/2012,32.51556788834,4942.8
14/05/2012,29.8541991513431,4907.8
11/05/2012,28.5666716889255,4928.9
10/05/2012,24.7445805878444,4965.7
09/05/2012,25.8315358430391,4974.8
08/05/2012,32.8171131447979,4999.95
07/05/2012,36.5845902774843,5114.15
04/05/2012,34.101301034912,5086.85
03/05/2012,39.8322046407218,5188.4
02/05/2012,51.118490217319,5239.15
30/04/2012,51.3752669662428,5248.15
27/04/2012,35.7831526897251,5190.6
26/04/2012,29.7052960896542,5189
25/04/2012,39.3114025811974,5202
24/04/2012,38.0506266491496,5222.65
23/04/2012,37.0559275393376,5200.6
20/04/2012,43.1076341682853,5290.85
19/04/2012,41.8295343604652,5332.4
18/04/2012,46.951499228936,5300
17/04/2012,50.7117299556064,5289.7
16/04/2012,41.8577099733688,5226.2
13/04/2012,41.1722762989941,5207.45
12/04/2012,45.7783953353812,5276.85
11/04/2012,42.8954348737055,5226.85
10/04/2012,40.2792124146925,5243.6
09/04/2012,43.5899089691291,5234.4
04/04/2012,51.9541265109396,5322.9
03/04/2012,57.7116816978409,5358.5
02/04/2012,50.2579218889084,5317.9
30/03/2012,30.9936608701297,5295.55
29/03/2012,18.2766492209683,5178.85
28/03/2012,20.4829893428752,5194.75
27/03/2012,20.0775228621359,5243.15
26/03/2012,28.7309534603902,5184.25
23/03/2012,35.1990795851723,5278.2
22/03/2012,45.9396368183314,5228.45
21/03/2012,60.3662072858363,5364.95
20/03/2012,49.4557181980854,5274.85
19/03/2012,43.7528696393463,5257.05
16/03/2012,43.219620599594,5317.9
15/03/2012,52.3718874021337,5380.5
14/03/2012,64.8252159822495,5463.9
13/03/2012,64.1459795591309,5429.5
12/03/2012,60.4433278855354,5359.55