Stock,Quarter,Close,EPS(Q),Sales(Q),EPS(TTM),Sales(TTM),PE(TTM),Prev_EPS(Q),Prev_EPS(TTM),Prev_Sales,Prev_PE,Prev_Close,FR%,SR%,TR%,Sales%,EPS%,Return%
POWERGRID.NS,2020-08-15,131.55,2.94,9457.0,15.209999999999999,38020.0,8.65,,,,,,,,,,,
POWERGRID.NS,2020-11-15,141.0,4.44,9530.0,15.96,38499.0,8.83,2.94,15.209999999999999,9457.0,8.65,131.55,4.93,2.18,7.109999999999999,0.77,51.02,7.109999999999999
POWERGRID.NS,2021-02-15,159.49,4.83,10142.0,16.96,39277.0,9.4,4.44,15.96,9530.0,8.83,141.0,6.27,6.86,13.129999999999999,6.42,8.78,13.129999999999999
POWERGRID.NS,2021-05-16,171.64,5.06,10510.0,17.270000000000003,39639.0,9.94,4.83,16.96,10142.0,9.4,159.49,1.83,5.85,7.68,3.63,4.76,7.68
POWERGRID.NS,2021-08-15,184.75,8.6,10216.0,22.930000000000003,40398.0,8.06,5.06,17.270000000000003,10510.0,9.94,171.64,32.77,-25.12,7.650000000000002,-2.8,69.96,7.650000000000002
POWERGRID.NS,2021-11-15,182.0,4.84,10267.0,23.33,41135.0,7.8,8.6,22.930000000000003,10216.0,8.06,184.75,1.74,-3.28,-1.5399999999999998,0.5,-43.72,-1.5399999999999998
JSWSTEEL.NS,2020-08-15,265.35,-2.32,11782.0,10.1,65296.0,26.27,,,,,,,,,,,
JSWSTEEL.NS,2020-11-15,341.95,6.59,19264.0,6.1,66988.0,56.06,-2.32,10.1,11782.0,26.27,265.35,-39.6,68.48,28.880000000000003,63.5,-384.05,28.880000000000003
JSWSTEEL.NS,2021-02-15,403.8,11.09,21859.0,16.32,70792.0,24.74,6.59,6.1,19264.0,56.06,341.95,167.54,-149.48,18.060000000000002,13.47,68.29,18.060000000000002
JSWSTEEL.NS,2021-05-16,707.1,17.37,26934.0,32.73,79839.0,21.6,11.09,16.32,21859.0,24.74,403.8,100.55,-25.45,75.1,23.22,56.63,75.1
JSWSTEEL.NS,2021-08-15,749.05,24.42,28902.0,59.47000000000001,96959.0,12.6,17.37,32.73,26934.0,21.6,707.1,81.7,-75.69,6.010000000000005,7.31,40.59,6.010000000000005
JSWSTEEL.NS,2021-11-15,671.35,29.66,32503.0,82.54,110198.0,8.13,24.42,59.47000000000001,28902.0,12.6,749.05,38.79,-49.26,-10.469999999999999,12.46,21.46,-10.469999999999999
COALINDIA.NS,2020-08-15,131.85,3.37,18487.0,22.99,89628.0,5.74,,,,,,,,,,,
COALINDIA.NS,2020-11-15,127.1,4.78,21153.0,22.05,90398.0,5.76,3.37,22.99,18487.0,5.74,131.85,-4.09,0.33,-3.76,14.42,41.84,-3.76
COALINDIA.NS,2021-02-15,133.85,5.01,23686.0,20.69,90894.0,6.47,4.78,22.05,21153.0,5.76,127.1,-6.17,11.56,5.390000000000001,11.97,4.81,5.390000000000001
COALINDIA.NS,2021-05-16,146.8,7.44,26700.0,20.6,90026.0,7.13,5.01,20.69,23686.0,6.47,133.85,-0.43,10.16,9.73,12.72,48.5,9.73
COALINDIA.NS,2021-08-15,143.75,5.14,25282.0,22.37,96821.0,6.43,7.44,20.6,26700.0,7.13,146.8,8.59,-10.67,-2.08,-5.31,-30.91,-2.08
COALINDIA.NS,2021-11-15,166.95,4.77,23291.0,22.36,98959.0,7.47,5.14,22.37,25282.0,6.43,143.75,-0.04,16.18,16.14,-7.88,-7.2,16.14
NTPC.NS,2020-08-15,88.4,2.92,26195.0,11.52,108773.0,7.67,,,,,,,,,,,
NTPC.NS,2020-11-15,90.9,3.47,27708.0,11.24,110772.0,8.09,2.92,11.52,26195.0,7.67,88.4,-2.43,5.34,2.9099999999999997,5.78,18.84,2.9099999999999997
NTPC.NS,2021-02-15,95.95,3.88,27526.0,11.82,111820.0,8.12,3.47,11.24,27708.0,8.09,90.9,5.16,0.39,5.55,-0.66,11.82,5.55
NTPC.NS,2021-05-16,111.4,4.68,30103.0,14.95,111532.0,7.45,3.88,11.82,27526.0,8.12,95.95,26.48,-10.44,16.04,9.36,20.62,16.04
NTPC.NS,2021-08-15,118.25,3.52,29888.0,15.549999999999999,115225.0,7.6,4.68,14.95,30103.0,7.45,111.4,4.01,2.09,6.1,-0.71,-24.79,6.1
NTPC.NS,2021-11-15,136.45,3.71,32404.0,15.79,119921.0,8.64,3.52,15.549999999999999,29888.0,7.6,118.25,1.54,13.89,15.43,8.42,5.4,15.43
ADANIPORTS.NS,2020-08-15,348.1,3.73,2293.0,17.23,11371.0,20.2,,,,,,,,,,,
ADANIPORTS.NS,2020-11-15,366.1,6.83,2903.0,18.87,11453.0,19.4,3.73,17.23,2293.0,20.2,348.1,9.52,-4.34,5.18,26.6,83.11,5.18
ADANIPORTS.NS,2021-02-15,616.6,7.69,3746.0,19.9,11863.0,30.98,6.83,18.87,2903.0,19.4,366.1,5.46,62.95,68.41,29.04,12.59,68.41
ADANIPORTS.NS,2021-05-16,733.55,6.34,3608.0,24.59,12550.0,29.83,7.69,19.9,3746.0,30.98,616.6,23.57,-4.59,18.98,-3.68,-17.56,18.98
ADANIPORTS.NS,2021-08-15,704.15,6.4,4557.0,27.259999999999998,14814.0,25.83,6.34,24.59,3608.0,29.83,733.55,10.86,-14.86,-4.0,26.3,0.95,-4.0
ADANIPORTS.NS,2021-11-15,750.3,4.66,3532.0,25.09,15443.0,29.9,6.4,27.259999999999998,4557.0,25.83,704.15,-7.96,14.5,6.54,-22.49,-27.19,6.54
BRITANNIA.NS,2020-08-15,3801.35,22.69,3421.0,70.59,12321.0,53.85,,,,,,,,,,,
BRITANNIA.NS,2020-11-15,3527.35,20.69,3419.0,74.46000000000001,12691.0,47.37,22.69,70.59,3421.0,53.85,3801.35,5.48,-12.69,-7.209999999999999,-0.06,-8.81,-7.209999999999999
BRITANNIA.NS,2021-02-15,3421.25,18.92,3166.0,77.88,12874.0,43.93,20.69,74.46000000000001,3419.0,47.37,3527.35,4.59,-7.6,-3.01,-7.4,-8.55,-3.01
BRITANNIA.NS,2021-05-16,3501.45,15.13,3131.0,77.43,13137.0,45.22,18.92,77.88,3166.0,43.93,3421.25,-0.58,2.92,2.34,-1.11,-20.03,2.34
BRITANNIA.NS,2021-08-15,3579.55,16.17,3403.0,70.91000000000001,13119.0,50.48,15.13,77.43,3131.0,45.22,3501.45,-8.42,10.65,2.2300000000000004,8.69,6.87,2.2300000000000004
BRITANNIA.NS,2021-11-15,3687.95,15.95,3607.0,66.17000000000002,13307.0,55.73,16.17,70.91000000000001,3403.0,50.48,3579.55,-6.68,9.7,3.0199999999999996,5.99,-1.36,3.0199999999999996
DIVISLAB.NS,2020-08-15,3089.8,18.54,1730.0,60.129999999999995,5962.0,51.39,,,,,,,,,,,
DIVISLAB.NS,2020-11-15,3444.95,19.57,1749.0,66.25999999999999,6265.0,51.99,18.54,60.129999999999995,1730.0,51.39,3089.8,10.19,1.29,11.48,1.1,5.56,11.48
DIVISLAB.NS,2021-02-15,3719.4,17.73,1701.0,70.46,6570.0,52.79,19.57,66.25999999999999,1749.0,51.99,3444.95,6.34,1.64,7.9799999999999995,-2.74,-9.4,7.9799999999999995
DIVISLAB.NS,2021-05-16,4020.55,18.91,1788.0,74.75,6968.0,53.79,17.73,70.46,1701.0,52.79,3719.4,6.09,2.01,8.1,5.11,6.66,8.1
DIVISLAB.NS,2021-08-15,4948.7,20.99,1961.0,77.19999999999999,7199.0,64.1,18.91,74.75,1788.0,53.79,4020.55,3.28,19.8,23.080000000000002,9.68,11.0,23.080000000000002
DIVISLAB.NS,2021-11-15,4843.8,22.84,1988.0,80.47,7438.0,60.19,20.99,77.19999999999999,1961.0,64.1,4948.7,4.24,-6.36,-2.12,1.38,8.81,-2.12
TATASTEEL.NS,2020-08-15,418.5,-39.21,25475.0,-31.76,131583.0,-13.18,,,,,,,,,,,
TATASTEEL.NS,2020-11-15,492.2,13.9,38940.0,-48.09,135944.0,-10.23,-39.21,-31.76,25475.0,-13.18,418.5,51.42,-33.9,17.520000000000003,52.86,-135.45,17.520000000000003
TATASTEEL.NS,2021-02-15,680.5,32.82,41902.0,-5.640000000000002,142326.0,-120.66,13.9,-48.09,38940.0,-10.23,492.2,-88.27,126.54,38.27000000000001,7.61,136.12,38.27000000000001
TATASTEEL.NS,2021-05-16,1132.1,55.53,49977.0,63.04,156294.0,17.96,32.82,-5.640000000000002,41902.0,-120.66,680.5,-1217.73,1284.14,66.41000000000008,19.27,69.2,66.41000000000008
TATASTEEL.NS,2021-08-15,1461.65,74.08,53372.0,176.33,184191.0,8.29,55.53,63.04,49977.0,17.96,1132.1,179.71,-150.61,29.099999999999994,6.79,33.41,29.099999999999994
TATASTEEL.NS,2021-11-15,1287.25,99.07,60283.0,261.5,205534.0,4.92,74.08,176.33,53372.0,8.29,1461.65,48.3,-60.29,-11.990000000000002,12.95,33.73,-11.990000000000002
BHARTIARTL.NS,2020-08-15,528.6,-27.26,23939.0,-80.00999999999999,89433.0,-6.61,,,,,,,,,,,
BHARTIARTL.NS,2020-11-15,481.5,-1.31,25060.0,-39.410000000000004,93362.0,-12.22,-27.26,-80.00999999999999,23939.0,-6.61,528.6,-50.74,41.83,-8.910000000000004,4.68,-95.19,-8.910000000000004
BHARTIARTL.NS,2021-02-15,586.25,1.46,26518.0,-36.07000000000001,98536.0,-16.25,-1.31,-39.410000000000004,25060.0,-12.22,481.5,-8.48,30.19,21.71,5.82,-211.45,21.71
BHARTIARTL.NS,2021-05-16,560.4,1.29,25747.0,-25.82,101264.0,-21.7,1.46,-36.07000000000001,26518.0,-16.25,586.25,-28.42,24.0,-4.420000000000002,-2.91,-11.64,-4.420000000000002
BHARTIARTL.NS,2021-08-15,637.05,0.48,26854.0,1.92,104179.0,331.8,1.29,-25.82,25747.0,-21.7,560.4,-107.44,121.11,13.670000000000002,4.3,-62.79,13.670000000000002
BHARTIARTL.NS,2021-11-15,743.5,1.93,28326.0,5.16,107445.0,144.09,0.48,1.92,26854.0,331.8,637.05,168.75,-152.04,16.710000000000008,5.48,302.08,16.710000000000008
TATAMOTORS.NS,2020-08-15,124.6,-27.32,31983.0,-54.47,231584.0,-2.29,,,,,,,,,,,
TATAMOTORS.NS,2020-11-15,148.85,-1.02,53530.0,-54.74,219682.0,-2.72,-27.32,-54.47,31983.0,-2.29,124.6,0.5,18.89,19.39,67.37,-96.27,19.39
TATAMOTORS.NS,2021-02-15,325.4,9.41,75654.0,-50.96,223660.0,-6.39,-1.02,-54.74,53530.0,-2.72,148.85,-6.91,125.65,118.74000000000001,41.33,-1022.55,118.74000000000001
TATAMOTORS.NS,2021-05-16,312.25,-22.91,88628.0,-41.84,249795.0,-7.46,9.41,-50.96,75654.0,-6.39,325.4,-17.9,13.76,-4.139999999999999,17.15,-343.46,-4.139999999999999
TATAMOTORS.NS,2021-08-15,307.25,-13.41,66406.0,-27.93,284218.0,-11.0,-22.91,-41.84,88628.0,-7.46,312.25,-33.25,31.66,-1.5899999999999999,-25.07,-41.47,-1.5899999999999999
TATAMOTORS.NS,2021-11-15,507.05,-13.38,61379.0,-40.290000000000006,292067.0,-12.59,-13.41,-27.93,66406.0,-11.0,307.25,44.25,20.85,65.1,-7.57,-0.22,65.1
SUNPHARMA.NS,2020-08-15,531.35,-6.9,7585.0,3.0099999999999993,32048.0,176.53,,,,,,,,,,,
SUNPHARMA.NS,2020-11-15,514.0,7.56,8553.0,6.139999999999999,32478.0,83.71,-6.9,3.0099999999999993,7585.0,176.53,531.35,103.99,-107.26,-3.2700000000000102,12.76,-209.57,-3.2700000000000102
SUNPHARMA.NS,2021-02-15,627.15,7.72,8837.0,10.049999999999999,33160.0,62.4,7.56,6.139999999999999,8553.0,83.71,514.0,63.68,-41.67,22.009999999999998,3.32,2.12,22.009999999999998
SUNPHARMA.NS,2021-05-16,691.45,3.73,8523.0,12.109999999999998,33498.0,57.1,7.72,10.049999999999999,8837.0,62.4,627.15,20.5,-10.23,10.27,-3.55,-51.68,10.27
SUNPHARMA.NS,2021-08-15,778.3,6.02,9719.0,25.029999999999998,35632.0,31.09,3.73,12.109999999999998,8523.0,57.1,691.45,106.69,-94.15,12.539999999999992,14.03,61.39,12.539999999999992
SUNPHARMA.NS,2021-11-15,806.5,8.53,9626.0,25.999999999999996,36705.0,31.02,6.02,25.029999999999998,9719.0,31.09,778.3,3.88,-0.23,3.65,-0.96,41.69,3.65
HINDALCO.NS,2020-08-15,184.95,-3.16,25283.0,8.89,113455.0,20.8,,,,,,,,,,,
HINDALCO.NS,2020-11-15,209.3,1.72,31237.0,6.2700000000000005,115035.0,33.38,-3.16,8.89,25283.0,20.8,184.95,-29.47,42.65,13.18,23.55,-154.43,13.18
HINDALCO.NS,2021-02-15,290.8,8.36,34958.0,9.9,120796.0,29.37,1.72,6.2700000000000005,31237.0,33.38,209.3,57.89,-18.97,38.92,11.91,386.05,38.92
HINDALCO.NS,2021-05-16,382.8,8.58,40507.0,15.499999999999996,131985.0,24.7,8.36,9.9,34958.0,29.37,290.8,56.57,-24.89,31.68,15.87,2.63,31.68
HINDALCO.NS,2021-08-15,442.05,12.4,41358.0,31.06,148060.0,14.23,8.58,15.499999999999996,40507.0,24.7,382.8,100.39,-84.95,15.439999999999998,2.1,44.52,15.439999999999998
HINDALCO.NS,2021-11-15,468.55,15.21,47665.0,44.55,164488.0,10.52,12.4,31.06,41358.0,14.23,442.05,43.43,-37.39,6.039999999999999,15.25,22.66,6.039999999999999
EICHERMOT.NS,2020-08-15,2014.42,-2.02,818.0,48.379999999999995,7589.0,41.64,,,,,,,,,,,
EICHERMOT.NS,2020-11-15,2540.55,12.57,2134.0,39.96,7531.0,63.58,-2.02,48.379999999999995,818.0,41.64,2014.42,-17.4,43.52,26.120000000000005,160.88,-722.28,26.120000000000005
EICHERMOT.NS,2021-02-15,2781.25,19.49,2828.0,41.18000000000001,7988.0,67.54,12.57,39.96,2134.0,63.58,2540.55,3.05,6.42,9.469999999999999,32.52,55.05,9.469999999999999
EICHERMOT.NS,2021-05-16,2415.2,19.25,2940.0,49.28999999999999,8720.0,49.0,19.49,41.18000000000001,2828.0,67.54,2781.25,19.69,-32.86,-13.169999999999998,3.96,-1.23,-13.169999999999998
EICHERMOT.NS,2021-08-15,2546.8,8.67,1974.0,59.98,9876.0,42.46,19.25,49.28999999999999,2940.0,49.0,2415.2,21.69,-16.24,5.450000000000003,-32.86,-54.96,5.450000000000003
EICHERMOT.NS,2021-11-15,2723.0,13.65,2250.0,61.06,9992.0,44.6,8.67,59.98,1974.0,42.46,2546.8,1.8,5.13,6.93,13.98,57.44,6.93
BAJAJFINSV.NS,2020-08-15,6246.7,76.36,14190.0,234.95,56263.0,26.59,,,,,,,,,,,
BAJAJFINSV.NS,2020-11-15,7335.55,61.98,15050.0,221.29000000000002,57091.0,33.15,76.36,234.95,14190.0,26.59,6246.7,-5.81,23.24,17.43,6.06,-18.83,17.43
BAJAJFINSV.NS,2021-02-15,10278.8,81.06,15959.0,231.61999999999998,58493.0,44.38,61.98,221.29000000000002,15050.0,33.15,7335.55,4.67,35.46,40.13,6.04,30.78,40.13
BAJAJFINSV.NS,2021-05-16,10971.5,61.52,15387.0,280.92,60586.0,39.06,81.06,231.61999999999998,15959.0,44.38,10278.8,21.28,-14.54,6.740000000000002,-3.58,-24.11,6.740000000000002
BAJAJFINSV.NS,2021-08-15,14317.5,52.33,13949.0,256.89,60345.0,55.73,61.52,280.92,15387.0,39.06,10971.5,-8.55,39.03,30.48,-9.35,-14.94,30.48
BAJAJFINSV.NS,2021-11-15,18273.8,70.51,18008.0,265.42,63303.0,68.85,52.33,256.89,13949.0,55.73,14317.5,3.32,24.32,27.64,29.1,34.74,27.64
LT.NS,2020-08-15,982.8,2.16,21260.0,59.7,137076.0,16.46,,,,,,,,,,,
LT.NS,2020-11-15,1059.2,39.32,31035.0,81.01,132783.0,13.07,2.16,59.7,21260.0,16.46,982.8,35.7,-27.94,7.760000000000002,45.98,1720.37,7.760000000000002
LT.NS,2021-02-15,1521.35,17.57,35596.0,81.82,132136.0,18.59,39.32,81.01,31035.0,13.07,1059.2,1.0,42.64,43.64,14.7,-55.32,43.64
LT.NS,2021-05-16,1415.5,23.44,48088.0,82.49000000000001,135979.0,17.16,17.57,81.82,35596.0,18.59,1521.35,0.82,-7.75,-6.93,35.09,33.41,-6.93
LT.NS,2021-08-15,1668.4,8.36,29335.0,88.69,144054.0,18.81,23.44,82.49000000000001,48088.0,17.16,1415.5,7.52,10.34,17.86,-39.0,-64.33,17.86
LT.NS,2021-11-15,1959.95,12.95,34773.0,62.32,147792.0,31.45,8.36,88.69,29335.0,18.81,1668.4,-29.73,47.21,17.48,18.54,54.9,17.48
SBIN.NS,2020-08-15,196.5,5.35,40301.0,24.19,161285.0,8.12,,,,,,,,,,,
SBIN.NS,2020-11-15,229.65,5.88,39023.0,26.29,160203.0,8.74,5.35,24.19,40301.0,8.12,196.5,8.68,8.3,16.98,-3.17,9.91,16.98
SBIN.NS,2021-02-15,393.15,7.01,38297.0,25.980000000000004,158013.0,15.13,5.88,26.29,39023.0,8.74,229.65,-1.18,72.29,71.11,-1.86,19.22,71.11
SBIN.NS,2021-05-16,360.45,6.86,38389.0,25.1,156010.0,14.36,7.01,25.980000000000004,38297.0,15.13,393.15,-3.39,-4.92,-8.31,0.24,-2.14,-8.31
SBIN.NS,2021-08-15,431.2,8.27,38249.0,28.02,153958.0,15.39,6.86,25.1,38389.0,14.36,360.45,11.63,8.01,19.64,-0.36,20.55,19.64
SBIN.NS,2021-11-15,511.35,9.96,38638.0,32.1,153573.0,15.93,8.27,28.02,38249.0,15.39,431.2,14.56,4.02,18.58,1.02,20.44,18.58
CIPLA.NS,2020-08-15,771.8,7.17,4346.0,20.419999999999998,17489.0,37.8,,,,,,,,,,,
CIPLA.NS,2020-11-15,745.75,8.25,5038.0,22.82,18131.0,32.68,7.17,20.419999999999998,4346.0,37.8,771.8,11.75,-15.14,-3.3900000000000006,15.92,15.06,-3.3900000000000006
CIPLA.NS,2021-02-15,848.55,9.28,5169.0,27.750000000000004,18929.0,30.58,8.25,22.82,5038.0,32.68,745.75,21.6,-7.81,13.790000000000003,2.6,12.48,13.790000000000003
CIPLA.NS,2021-05-16,904.05,5.13,4606.0,29.83,19159.0,30.31,9.28,27.750000000000004,5169.0,30.58,848.55,7.5,-0.95,6.55,-10.89,-44.72,6.55
CIPLA.NS,2021-08-15,894.4,8.86,5504.0,31.519999999999996,20317.0,28.38,5.13,29.83,4606.0,30.31,904.05,5.67,-6.73,-1.0600000000000005,19.5,72.71,-1.0600000000000005
CIPLA.NS,2021-11-15,915.95,8.82,5520.0,32.089999999999996,20799.0,28.54,8.86,31.519999999999996,5504.0,28.38,894.4,1.81,0.57,2.38,0.29,-0.45,2.38
UPL.NS,2020-08-15,485.65,7.21,7833.0,26.630000000000003,35683.0,18.24,,,,,,,,,,,
UPL.NS,2020-11-15,429.25,6.06,8939.0,30.520000000000003,36805.0,14.06,7.21,26.630000000000003,7833.0,18.24,485.65,14.61,-26.27,-11.66,14.12,-15.95,-11.66
UPL.NS,2021-02-15,535.8,10.39,9126.0,31.740000000000002,37039.0,16.88,6.06,30.520000000000003,8939.0,14.06,429.25,4.0,20.85,24.85,2.09,71.45,24.85
UPL.NS,2021-05-16,743.3,13.91,12796.0,37.57,38694.0,19.78,10.39,31.740000000000002,9126.0,16.88,535.8,18.37,20.33,38.7,40.21,33.88,38.7
UPL.NS,2021-08-15,779.1,8.86,8515.0,39.22,39376.0,19.86,13.91,37.57,12796.0,19.78,743.3,4.39,0.42,4.81,-33.46,-36.3,4.81
UPL.NS,2021-11-15,769.55,8.3,10567.0,41.46,41004.0,18.56,8.86,39.22,8515.0,19.86,779.1,5.71,-6.92,-1.21,24.1,-6.32,-1.21
IOC.NS,2020-08-15,84.8,2.37,60531.0,-2.5499999999999994,413597.0,-33.25,,,,,,,,,,,
IOC.NS,2020-11-15,86.65,6.4,81709.0,3.35,384177.0,25.87,2.37,-2.5499999999999994,60531.0,-33.25,84.8,-231.37,233.55,2.180000000000007,34.99,170.04,2.180000000000007
IOC.NS,2021-02-15,95.1,4.63,101969.0,5.130000000000003,362216.0,18.54,6.4,3.35,81709.0,25.87,86.65,53.13,-43.4,9.730000000000004,24.8,-27.66,9.730000000000004
IOC.NS,2021-05-16,101.05,9.59,119747.0,22.99,363956.0,4.4,4.63,5.130000000000003,101969.0,18.54,95.1,348.15,-341.83,6.319999999999993,17.43,107.13,6.319999999999993
IOC.NS,2021-08-15,104.65,6.49,115503.0,27.11,418928.0,3.86,9.59,22.99,119747.0,4.4,101.05,17.92,-14.49,3.4300000000000015,-3.54,-32.33,3.4300000000000015
IOC.NS,2021-11-15,132.95,6.59,133202.0,27.3,470421.0,4.87,6.49,27.11,115503.0,3.86,104.65,0.7,26.35,27.05,15.32,1.54,27.05
RELIANCE.NS,2020-08-15,2113.8,20.87,88253.0,64.13,527349.0,32.96,,,,,,,,,,,
RELIANCE.NS,2020-11-15,2002.3,15.09,111236.0,62.56,489283.0,32.01,20.87,64.13,88253.0,32.96,2113.8,-2.45,-2.81,-5.26,26.04,-27.7,-5.26
RELIANCE.NS,2021-02-15,2041.6,20.67,117860.0,66.02000000000001,453841.0,30.92,15.09,62.56,111236.0,32.01,2002.3,5.53,-3.59,1.9400000000000004,5.95,36.98,1.9400000000000004
RELIANCE.NS,2021-05-16,1937.3,20.86,149575.0,77.49000000000001,466924.0,25.0,20.67,66.02000000000001,117860.0,30.92,2041.6,17.37,-22.47,-5.099999999999998,26.91,0.92,-5.099999999999998
RELIANCE.NS,2021-08-15,2145.65,19.36,139949.0,75.98,518620.0,28.24,20.86,77.49000000000001,149575.0,25.0,1937.3,-1.95,12.71,10.760000000000002,-6.44,-7.19,10.760000000000002
RELIANCE.NS,2021-11-15,2593.1,21.58,167611.0,82.47,574995.0,31.44,19.36,75.98,139949.0,28.24,2145.65,8.54,12.3,20.84,19.77,11.47,20.84
TATACONSUM.NS,2020-08-15,537.5,3.55,2714.0,8.46,9959.0,63.53,,,,,,,,,,,
TATACONSUM.NS,2020-11-15,516.15,2.79,2781.0,8.19,10393.0,63.02,3.55,8.46,2714.0,63.53,537.5,-3.19,-0.78,-3.9699999999999998,2.47,-21.41,-3.9699999999999998
TATACONSUM.NS,2021-02-15,607.5,2.37,3070.0,7.880000000000001,10970.0,77.09,2.79,8.19,2781.0,63.02,516.15,-3.79,21.48,17.69,10.39,-15.05,17.69
TATACONSUM.NS,2021-05-16,645.15,0.58,3037.0,9.29,11602.0,69.45,2.37,7.880000000000001,3070.0,77.09,607.5,17.89,-11.68,6.210000000000001,-1.07,-75.53,6.210000000000001
TATACONSUM.NS,2021-08-15,807.45,2.01,3008.0,7.75,11896.0,104.19,0.58,9.29,3037.0,69.45,645.15,-16.58,41.73,25.15,-0.95,246.55,25.15
TATACONSUM.NS,2021-11-15,847.9,2.91,3033.0,7.87,12148.0,107.74,2.01,7.75,3008.0,104.19,807.45,1.55,3.46,5.01,0.83,44.78,5.01
NESTLEIND.NS,2020-08-15,16354.7,50.47,3050.0,215.73000000000002,12740.0,75.81,,,,,,,,,,,
NESTLEIND.NS,2020-11-15,16838.15,60.89,3542.0,214.88000000000002,13066.0,78.36,50.47,215.73000000000002,3050.0,75.81,16354.7,-0.39,3.35,2.96,16.13,20.65,2.96
NESTLEIND.NS,2021-02-15,17294.3,50.13,3433.0,215.99,13350.0,80.07,60.89,214.88000000000002,3542.0,78.36,16838.15,0.52,2.19,2.71,-3.08,-17.67,2.71
NESTLEIND.NS,2021-05-16,17224.15,62.46,3611.0,223.95000000000002,13636.0,76.91,50.13,215.99,3433.0,80.07,17294.3,3.69,-4.09,-0.3999999999999999,5.18,24.6,-0.3999999999999999
NESTLEIND.NS,2021-08-15,18269.55,55.86,3477.0,229.33999999999997,14063.0,79.66,62.46,223.95000000000002,3611.0,76.91,17224.15,2.41,3.66,6.07,-3.71,-10.57,6.07
NESTLEIND.NS,2021-11-15,19142.45,64.03,3883.0,232.48,14404.0,82.34,55.86,229.33999999999997,3477.0,79.66,18269.55,1.37,3.41,4.78,11.68,14.63,4.78
TECHM.NS,2020-08-15,695.9,10.06,9106.0,41.9,37321.0,16.61,,,,,,,,,,,
TECHM.NS,2020-11-15,840.15,11.01,9372.0,41.26,37623.0,20.36,10.06,41.9,9106.0,16.61,695.9,-1.53,22.23,20.7,2.92,9.44,20.7
TECHM.NS,2021-02-15,991.2,13.54,9647.0,42.93,37615.0,23.09,11.01,41.26,9372.0,20.36,840.15,4.05,13.95,18.0,2.93,22.98,18.0
TECHM.NS,2021-05-16,952.2,11.17,9730.0,45.78,37855.0,20.8,13.54,42.93,9647.0,23.09,991.2,6.64,-10.58,-3.9400000000000004,0.86,-17.5,-3.9400000000000004
TECHM.NS,2021-08-15,1383.15,13.97,10198.0,49.69,38947.0,27.84,11.17,45.78,9730.0,20.8,952.2,8.54,36.74,45.28,4.81,25.07,45.28
TECHM.NS,2021-11-15,1585.0,13.81,10881.0,52.49,40456.0,30.2,13.97,49.69,10198.0,27.84,1383.15,5.63,8.96,14.59,6.7,-1.15,14.59
KOTAKBANK.NS,2020-08-15,1307.45,9.36,3628.0,44.21,15373.0,29.57,,,,,,,,,,,
KOTAKBANK.NS,2020-11-15,1770.55,14.89,3286.0,46.5,14605.0,38.08,9.36,44.21,3628.0,29.57,1307.45,5.18,30.27,35.45,-9.43,59.08,35.45
KOTAKBANK.NS,2021-02-15,1951.05,13.14,3120.0,47.35,13835.0,41.2,14.89,46.5,3286.0,38.08,1770.55,1.83,8.34,10.17,-5.05,-11.75,10.17
KOTAKBANK.NS,2021-05-16,1706.65,13.07,2933.0,50.46,12967.0,33.82,13.14,47.35,3120.0,41.2,1951.05,6.57,-19.09,-12.52,-5.99,-0.53,-12.52
KOTAKBANK.NS,2021-08-15,1788.0,9.11,2851.0,50.21,12190.0,35.61,13.07,50.46,2933.0,33.82,1706.65,-0.5,5.27,4.77,-2.8,-30.3,4.77
KOTAKBANK.NS,2021-11-15,2074.7,15.07,2880.0,50.39,11784.0,41.17,9.11,50.21,2851.0,35.61,1788.0,0.36,15.67,16.03,1.02,65.42,16.03
HDFCLIFE.NS,2020-08-15,587.75,2.23,14582.0,6.54,35370.0,89.87,,,,,,,,,,,
HDFCLIFE.NS,2020-11-15,636.1,1.62,16518.0,6.630000000000001,43148.0,95.94,2.23,6.54,14582.0,89.87,587.75,1.38,6.85,8.23,13.28,-27.35,8.23
HDFCLIFE.NS,2021-02-15,710.95,1.3,21242.0,6.69,52683.0,106.27,1.62,6.630000000000001,16518.0,95.94,636.1,0.9,10.86,11.76,28.6,-19.75,11.76
HDFCLIFE.NS,2021-05-16,670.6,1.58,19186.0,6.73,71528.0,99.64,1.3,6.69,21242.0,106.27,710.95,0.6,-6.28,-5.680000000000001,-9.68,21.54,-5.680000000000001
HDFCLIFE.NS,2021-08-15,670.5,1.33,14786.0,5.83,71732.0,115.01,1.58,6.73,19186.0,99.64,670.6,-13.37,13.36,-0.009999999999999787,-22.93,-15.82,-0.009999999999999787
HDFCLIFE.NS,2021-11-15,720.6,1.36,20548.0,5.57,75762.0,129.37,1.33,5.83,14786.0,115.01,670.5,-4.46,11.93,7.47,38.97,2.26,7.47
BAJFINANCE.NS,2020-08-15,3331.1,15.99,2498.0,84.56,9857.0,39.39,,,,,,,,,,,
BAJFINANCE.NS,2020-11-15,4374.8,16.01,2358.0,74.59,9892.0,58.65,15.99,84.56,2498.0,39.39,3331.1,-11.79,43.13,31.340000000000003,-5.6,0.13,31.340000000000003
BAJFINANCE.NS,2021-02-15,5577.45,19.02,2363.0,66.78,9766.0,83.52,16.01,74.59,2358.0,58.65,4374.8,-10.47,37.96,27.490000000000002,0.21,18.8,27.490000000000002
BAJFINANCE.NS,2021-05-16,5330.35,22.35,2196.0,73.37,9415.0,72.65,19.02,66.78,2363.0,83.52,5577.45,9.87,-14.3,-4.4300000000000015,-7.07,17.51,-4.4300000000000015
BAJFINANCE.NS,2021-08-15,6156.55,16.61,2254.0,73.99000000000001,9171.0,83.21,22.35,73.37,2196.0,72.65,5330.35,0.85,14.66,15.51,2.64,-25.68,15.51
BAJFINANCE.NS,2021-11-15,7579.1,24.54,2398.0,82.52,9211.0,91.85,16.61,73.99000000000001,2254.0,83.21,6156.55,11.53,11.58,23.11,6.39,47.74,23.11
BPCL.NS,2020-08-15,413.25,9.38,37999.0,15.98,246246.0,25.86,,,,,,,,,,,
BPCL.NS,2020-11-15,412.85,10.43,49409.0,19.480000000000004,231365.0,21.19,9.38,15.98,37999.0,25.86,413.25,21.9,-22.01,-0.11000000000000298,30.03,11.19,-0.11000000000000298
BPCL.NS,2021-02-15,418.1,7.22,66075.0,18.51,222481.0,22.59,10.43,19.480000000000004,49409.0,21.19,412.85,-4.98,6.28,1.2999999999999998,33.73,-30.78,1.2999999999999998
BPCL.NS,2021-05-16,442.25,47.49,76680.0,74.52,230163.0,5.93,7.22,18.51,66075.0,22.59,418.1,302.59,-296.94,5.649999999999977,16.05,557.76,5.649999999999977
BPCL.NS,2021-08-15,454.9,13.24,70946.0,78.38,263110.0,5.8,47.49,74.52,76680.0,5.93,442.25,5.18,-2.3,2.88,-7.48,-72.12,2.88
BPCL.NS,2021-11-15,427.7,14.76,76439.0,82.71000000000001,290140.0,5.17,13.24,78.38,70946.0,5.8,454.9,5.52,-11.45,-5.93,7.74,11.48,-5.93
HCLTECH.NS,2020-08-15,709.1,10.8,17842.0,43.330000000000005,72091.0,16.37,,,,,,,,,,,
HCLTECH.NS,2020-11-15,830.5,11.58,18594.0,44.92,73158.0,18.49,10.8,43.330000000000005,17842.0,16.37,709.1,3.67,13.43,17.1,4.21,7.22,17.1
HCLTECH.NS,2021-02-15,960.4,14.63,19302.0,48.7,74325.0,19.72,11.58,44.92,18594.0,18.49,830.5,8.41,7.21,15.620000000000001,3.81,26.34,15.620000000000001
HCLTECH.NS,2021-05-16,910.35,4.06,19641.0,41.07000000000001,75379.0,22.17,14.63,48.7,19302.0,19.72,960.4,-15.67,10.48,-5.1899999999999995,1.76,-72.25,-5.1899999999999995
HCLTECH.NS,2021-08-15,1119.45,11.81,20068.0,42.08,77605.0,26.6,4.06,41.07000000000001,19641.0,22.17,910.35,2.46,20.48,22.94,2.17,190.89,22.94
HCLTECH.NS,2021-11-15,1172.35,12.01,20655.0,42.51,79666.0,27.58,11.81,42.08,20068.0,26.6,1119.45,1.02,3.72,4.74,2.93,1.69,4.74
SBILIFE.NS,2020-08-15,839.3,3.91,16266.0,14.42,50260.0,58.2,,,,,,,,,,,
SBILIFE.NS,2020-11-15,840.45,3.0,18640.0,16.119999999999997,56022.0,52.14,3.91,14.42,16266.0,58.2,839.3,11.79,-11.64,0.14999999999999858,14.59,-23.27,0.14999999999999858
SBILIFE.NS,2021-02-15,896.85,2.33,26718.0,14.55,66798.0,61.64,3.0,16.119999999999997,18640.0,52.14,840.45,-9.74,16.45,6.709999999999999,43.34,-22.33,6.709999999999999
SBILIFE.NS,2021-05-16,978.4,5.32,20289.0,14.56,81913.0,67.2,2.33,14.55,26718.0,61.64,896.85,0.07,9.03,9.1,-24.06,128.33,9.1
SBILIFE.NS,2021-08-15,1138.6,2.23,16004.0,12.88,81651.0,88.4,5.32,14.56,20289.0,67.2,978.4,-11.54,27.91,16.37,-21.12,-58.08,16.37
SBILIFE.NS,2021-11-15,1174.9,2.47,25636.0,12.35,88647.0,95.13,2.23,12.88,16004.0,88.4,1138.6,-4.11,7.3,3.1899999999999995,60.18,10.76,3.1899999999999995
DRREDDY.NS,2020-08-15,4519.4,35.77,4426.0,117.0,18085.0,38.63,,,,,,,,,,,
DRREDDY.NS,2020-11-15,4872.05,46.42,4911.0,96.79999999999998,18183.0,50.33,35.77,117.0,4426.0,38.63,4519.4,-17.26,25.06,7.799999999999997,10.96,29.77,7.799999999999997
DRREDDY.NS,2021-02-15,4792.0,1.68,4942.0,130.88,18728.0,36.61,46.42,96.79999999999998,4911.0,50.33,4872.05,35.21,-36.86,-1.6499999999999986,0.63,-96.38,-1.6499999999999986
DRREDDY.NS,2021-05-16,5196.85,33.51,4768.0,117.38,19047.0,44.27,1.68,130.88,4942.0,36.61,4792.0,-10.31,18.76,8.450000000000001,-3.52,1894.64,8.450000000000001
DRREDDY.NS,2021-08-15,4652.2,22.87,4945.0,104.47999999999999,19566.0,44.53,33.51,117.38,4768.0,44.27,5196.85,-10.99,0.52,-10.47,3.71,-31.75,-10.47
DRREDDY.NS,2021-11-15,4843.25,59.84,5787.0,117.9,20442.0,41.08,22.87,104.47999999999999,4945.0,44.53,4652.2,12.84,-8.74,4.1,17.03,161.65,4.1
TCS.NS,2020-08-15,2242.15,18.68,38322.0,83.19,157099.0,26.95,,,,,,,,,,,
TCS.NS,2020-11-15,2670.35,19.92,40135.0,81.67999999999999,158257.0,32.69,18.68,83.19,38322.0,26.95,2242.15,-1.82,20.91,19.09,4.73,6.64,19.09
TCS.NS,2021-02-15,3190.8,23.19,42015.0,83.24,160418.0,38.33,19.92,81.67999999999999,40135.0,32.69,2670.35,1.91,17.58,19.49,4.68,16.42,19.49
TCS.NS,2021-05-16,3051.5,25.0,43705.0,86.78999999999999,164177.0,35.16,23.19,83.24,42015.0,38.33,3190.8,4.26,-8.62,-4.359999999999999,4.02,7.81,-4.359999999999999
TCS.NS,2021-08-15,3463.4,24.35,45411.0,92.46000000000001,171266.0,37.46,25.0,86.78999999999999,43705.0,35.16,3051.5,6.53,6.97,13.5,3.9,-2.6,13.5
TCS.NS,2021-11-15,3526.05,26.02,46867.0,98.56,177998.0,35.78,24.35,92.46000000000001,45411.0,37.46,3463.4,6.6,-4.78,1.8199999999999994,3.21,6.86,1.8199999999999994
ITC.NS,2020-08-15,196.4,2.04,10478.0,11.76,48030.0,16.7,,,,,,,,,,,
ITC.NS,2020-11-15,188.6,2.74,12077.0,11.15,47240.0,16.91,2.04,11.76,10478.0,16.7,196.4,-5.19,1.19,-4.0,15.26,34.31,-4.0
ITC.NS,2021-02-15,217.45,2.87,13080.0,10.790000000000001,47417.0,20.15,2.74,11.15,12077.0,16.91,188.6,-3.23,18.54,15.309999999999999,8.31,4.74,15.309999999999999
ITC.NS,2021-05-16,212.25,3.05,14342.0,10.7,49977.0,19.84,2.87,10.790000000000001,13080.0,20.15,217.45,-0.83,-1.53,-2.36,9.65,6.27,-2.36
ITC.NS,2021-08-15,211.45,2.66,13247.0,11.32,52746.0,18.68,3.05,10.7,14342.0,19.84,212.25,5.79,-6.19,-0.40000000000000036,-7.63,-12.79,-0.40000000000000036
ITC.NS,2021-11-15,232.9,3.01,13757.0,11.59,54426.0,20.09,2.66,11.32,13247.0,18.68,211.45,2.39,7.73,10.120000000000001,3.85,13.16,10.120000000000001
ULTRACEMCO.NS,2020-08-15,4010.1,27.52,7671.0,185.51999999999998,38584.0,21.62,,,,,,,,,,,
ULTRACEMCO.NS,2020-11-15,4908.2,45.36,10387.0,209.79999999999998,39351.0,23.39,27.52,185.51999999999998,7671.0,21.62,4010.1,13.09,9.26,22.35,35.41,64.83,22.35
ULTRACEMCO.NS,2021-02-15,6397.25,54.89,12262.0,240.03,41174.0,26.65,45.36,209.79999999999998,10387.0,23.39,4908.2,14.41,15.94,30.35,18.05,21.01,30.35
ULTRACEMCO.NS,2021-05-16,6368.1,61.5,14406.0,189.27,44726.0,33.65,54.89,240.03,12262.0,26.65,6397.25,-21.15,20.71,-0.4399999999999977,17.48,12.04,-0.4399999999999977
ULTRACEMCO.NS,2021-08-15,7460.7,58.99,11830.0,220.74,48885.0,33.8,61.5,189.27,14406.0,33.65,6368.1,16.63,0.52,17.15,-17.88,-4.08,17.15
ULTRACEMCO.NS,2021-11-15,8080.75,45.5,12017.0,220.88,50515.0,36.58,58.99,220.74,11830.0,33.8,7460.7,0.06,8.23,8.290000000000001,1.58,-22.87,8.290000000000001
HINDUNILVR.NS,2020-08-15,2173.9,8.08,10731.0,30.980000000000004,40150.0,70.17,,,,,,,,,,,
HINDUNILVR.NS,2020-11-15,2187.7,8.4,11683.0,31.0,41728.0,70.57,8.08,30.980000000000004,10731.0,70.17,2173.9,0.06,0.57,0.6299999999999999,8.87,3.96,0.6299999999999999
HINDUNILVR.NS,2021-02-15,2241.55,8.24,12181.0,31.72,43806.0,70.67,8.4,31.0,11683.0,70.57,2187.7,2.32,0.14,2.46,4.26,-1.9,2.46
HINDUNILVR.NS,2021-05-16,2376.85,9.3,12433.0,34.019999999999996,47028.0,69.87,8.24,31.72,12181.0,70.67,2241.55,7.25,-1.21,6.04,2.07,12.86,6.04
HINDUNILVR.NS,2021-08-15,2404.5,8.92,12194.0,34.86,48491.0,68.98,9.3,34.019999999999996,12433.0,69.87,2376.85,2.47,-1.31,1.1600000000000001,-1.92,-4.09,1.1600000000000001
HINDUNILVR.NS,2021-11-15,2404.95,9.28,13046.0,35.74,49854.0,67.29,8.92,34.86,12194.0,68.98,2404.5,2.52,-2.51,0.010000000000000231,6.99,4.04,0.010000000000000231
ONGC.NS,2020-08-15,77.1,0.09,62496.0,3.26,377911.0,23.65,,,,,,,,,,,
ONGC.NS,2020-11-15,72.65,3.35,83619.0,2.36,359955.0,30.78,0.09,3.26,62496.0,23.65,77.1,-27.61,21.82,-5.789999999999999,33.8,3622.22,-5.789999999999999
ONGC.NS,2021-02-15,97.0,2.0,100289.0,0.39999999999999947,350778.0,242.5,3.35,2.36,83619.0,30.78,72.65,-83.05,116.57,33.519999999999996,19.94,-40.3,33.519999999999996
ONGC.NS,2021-05-16,112.95,7.48,114168.0,12.92,360572.0,8.74,2.0,0.39999999999999947,100289.0,242.5,97.0,3130.0,-3113.59,16.409999999999854,13.84,274.0,16.409999999999854
ONGC.NS,2021-08-15,116.1,4.76,108136.0,17.59,406212.0,6.6,7.48,12.92,114168.0,8.74,112.95,36.15,-33.33,2.8200000000000003,-5.28,-36.36,2.8200000000000003
ONGC.NS,2021-11-15,154.65,14.35,122029.0,28.59,444622.0,5.41,4.76,17.59,108136.0,6.6,116.1,62.54,-29.3,33.239999999999995,12.85,201.47,33.239999999999995
SHREECEM.NS,2020-08-15,21458.25,91.35,2487.0,414.87,12052.0,51.72,,,,,,,,,,,
SHREECEM.NS,2020-11-15,23363.25,146.05,3281.0,471.76,12329.0,49.52,91.35,414.87,2487.0,51.72,21458.25,13.71,-4.84,8.870000000000001,31.93,59.88,8.870000000000001
SHREECEM.NS,2021-02-15,27965.85,174.85,3541.0,560.79,12724.0,49.87,146.05,471.76,3281.0,49.52,23363.25,18.87,0.84,19.71,7.92,19.72,19.71
SHREECEM.NS,2021-05-16,26713.6,221.29,4235.0,633.5400000000001,13544.0,42.17,174.85,560.79,3541.0,49.87,27965.85,12.97,-17.44,-4.470000000000001,19.6,26.56,-4.470000000000001
SHREECEM.NS,2021-08-15,26600.4,174.58,3635.0,716.77,14692.0,37.11,221.29,633.5400000000001,4235.0,42.17,26713.6,13.14,-13.58,-0.4399999999999995,-14.17,-21.11,-0.4399999999999995
SHREECEM.NS,2021-11-15,29388.9,155.99,3373.0,726.71,14784.0,40.44,174.58,716.77,3635.0,37.11,26600.4,1.39,9.1,10.49,-7.21,-10.65,10.49
HDFC.NS,2020-08-15,1791.7,20.83,7942.0,126.93,31848.0,14.12,,,,,,,,,,,
HDFC.NS,2020-11-15,2311.25,25.61,7518.0,92.38,31145.0,25.02,20.83,126.93,7942.0,14.12,1791.7,-27.22,56.2,28.980000000000004,-5.34,22.95,28.980000000000004
HDFC.NS,2021-02-15,2791.5,28.76,6954.0,98.96000000000001,30214.0,28.21,25.61,92.38,7518.0,25.02,2311.25,7.12,13.66,20.78,-7.5,12.3,20.78
HDFC.NS,2021-05-16,2422.0,29.66,6666.0,104.86,29080.0,23.1,28.76,98.96000000000001,6954.0,28.21,2791.5,5.96,-19.2,-13.239999999999998,-4.14,3.13,-13.239999999999998
HDFC.NS,2021-08-15,2704.15,27.92,6624.0,111.95,27762.0,24.15,29.66,104.86,6666.0,23.1,2422.0,6.76,4.85,11.61,-0.63,-5.87,11.61
HDFC.NS,2021-11-15,2992.65,29.08,6684.0,115.42,26928.0,25.93,27.92,111.95,6624.0,24.15,2704.15,3.1,7.6,10.7,0.91,4.15,10.7
ICICIBANK.NS,2020-08-15,361.4,4.81,11347.0,15.709999999999999,45004.0,23.0,,,,,,,,,,,
ICICIBANK.NS,2020-11-15,486.9,7.08,10945.0,21.04,44614.0,23.14,4.81,15.709999999999999,11347.0,23.0,361.4,33.93,0.82,34.75,-3.54,47.19,34.75
ICICIBANK.NS,2021-02-15,647.6,7.96,10412.0,21.779999999999998,43729.0,29.73,7.08,21.04,10945.0,23.14,486.9,3.52,29.48,33.0,-4.87,12.43,33.0
ICICIBANK.NS,2021-05-16,597.3,7.07,9955.0,26.919999999999998,42659.0,22.19,7.96,21.779999999999998,10412.0,29.73,647.6,23.6,-31.34,-7.739999999999998,-4.39,-11.18,-7.739999999999998
ICICIBANK.NS,2021-08-15,704.8,6.88,10068.0,28.990000000000002,41380.0,24.31,7.07,26.919999999999998,9955.0,22.19,597.3,7.69,10.29,17.98,1.14,-2.69,17.98
ICICIBANK.NS,2021-11-15,776.6,8.78,10093.0,30.69,40528.0,25.3,6.88,28.990000000000002,10068.0,24.31,704.8,5.86,4.31,10.17,0.25,27.62,10.17
HDFCBANK.NS,2020-08-15,1034.45,12.62,15608.0,52.02,62768.0,19.89,,,,,,,,,,,
HDFCBANK.NS,2020-11-15,1369.7,14.0,15033.0,53.89,62243.0,25.42,12.62,52.02,15608.0,19.89,1034.45,3.59,28.81,32.4,-3.68,10.94,32.4
HDFCBANK.NS,2021-02-15,1581.95,15.92,14523.0,55.82,60693.0,28.34,14.0,53.89,15033.0,25.42,1369.7,3.58,11.9,15.48,-3.39,13.71,15.48
HDFCBANK.NS,2021-05-16,1386.85,15.3,14083.0,57.839999999999996,59247.0,23.98,15.92,55.82,14523.0,28.34,1581.95,3.62,-15.94,-12.32,-3.03,-3.89,-12.32
HDFCBANK.NS,2021-08-15,1526.2,14.33,14218.0,59.550000000000004,57857.0,25.63,15.3,57.839999999999996,14083.0,23.98,1386.85,2.96,7.08,10.04,0.96,-6.34,10.04
HDFCBANK.NS,2021-11-15,1553.0,16.43,14415.0,61.980000000000004,57239.0,25.06,14.33,59.550000000000004,14218.0,25.63,1526.2,4.08,-2.31,1.77,1.39,14.65,1.77
BAJAJ-AUTO.NS,2020-08-15,2987.55,13.67,3079.0,158.8,25242.0,18.81,,,,,,,,,,,
BAJAJ-AUTO.NS,2020-11-15,3041.9,41.26,7156.0,147.42000000000002,24691.0,20.63,13.67,158.8,3079.0,18.81,2987.55,-7.17,8.98,1.8100000000000005,132.41,201.83,1.8100000000000005
BAJAJ-AUTO.NS,2021-02-15,4136.05,59.31,8910.0,161.03,25961.0,25.68,41.26,147.42000000000002,7156.0,20.63,3041.9,9.23,26.73,35.96,24.51,43.75,35.96
BAJAJ-AUTO.NS,2021-05-16,3848.8,53.61,8596.0,167.85,27741.0,22.93,59.31,161.03,8910.0,25.68,4136.05,4.24,-11.16,-6.92,-3.52,-9.61,-6.92
BAJAJ-AUTO.NS,2021-08-15,3825.75,40.44,7386.0,194.62,32048.0,19.66,53.61,167.85,8596.0,22.93,3848.8,15.95,-16.54,-0.5899999999999999,-14.08,-24.57,-0.5899999999999999
BAJAJ-AUTO.NS,2021-11-15,3635.05,70.49,8762.0,223.85,33654.0,16.24,40.44,194.62,7386.0,19.66,3825.75,15.02,-20.01,-4.990000000000002,18.63,74.31,-4.990000000000002
HEROMOTOCO.NS,2020-08-15,2803.8,2.96,2969.0,122.41,24038.0,22.9,,,,,,,,,,,
HEROMOTOCO.NS,2020-11-15,3115.7,47.98,9473.0,126.35999999999999,25851.0,24.66,2.96,122.41,2969.0,22.9,2803.8,3.23,7.93,11.16,219.06,1520.95,11.16
HEROMOTOCO.NS,2021-02-15,,51.02,9827.0,132.23,28603.0,,47.98,126.35999999999999,9473.0,24.66,3115.7,4.65,,,3.74,6.34,
HEROMOTOCO.NS,2021-05-16,2812.35,44.1,8690.0,146.06,30959.0,19.25,51.02,132.23,9827.0,,,10.46,,,-11.57,-13.56,
HEROMOTOCO.NS,2021-08-15,2772.2,12.82,5503.0,155.92,33493.0,17.78,44.1,146.06,8690.0,19.25,2812.35,6.75,-8.15,-1.4000000000000004,-36.67,-70.93,-1.4000000000000004
HEROMOTOCO.NS,2021-11-15,2683.05,37.32,8539.0,145.26000000000002,32559.0,18.47,12.82,155.92,5503.0,17.78,2772.2,-6.84,3.62,-3.2199999999999998,55.17,191.11,-3.2199999999999998
GRASIM.NS,2020-08-15,628.95,3.56,13044.0,52.099999999999994,69411.0,12.07,,,,,,,,,,,
GRASIM.NS,2020-11-15,838.6,14.69,17950.0,51.56,68961.0,16.26,3.56,52.099999999999994,13044.0,12.07,628.95,-1.04,34.35,33.31,37.61,312.64,33.31
GRASIM.NS,2021-02-15,1242.1,21.11,21000.0,62.33,71344.0,19.93,14.69,51.56,17950.0,16.26,838.6,20.89,27.28,48.17,16.99,43.7,48.17
GRASIM.NS,2021-05-16,1367.0,26.07,24399.0,65.42999999999999,76393.0,20.89,21.11,62.33,21000.0,19.93,1242.1,4.97,5.06,10.03,16.19,23.5,10.03
GRASIM.NS,2021-08-15,1496.9,25.34,19919.0,87.21,83268.0,17.16,26.07,65.42999999999999,24399.0,20.89,1367.0,33.29,-23.8,9.489999999999998,-18.36,-2.8,9.489999999999998
GRASIM.NS,2021-11-15,1858.45,20.65,22564.0,93.17,87882.0,19.95,25.34,87.21,19919.0,17.16,1496.9,6.83,17.37,24.200000000000003,13.28,-18.51,24.200000000000003
WIPRO.NS,2020-08-15,276.5,4.18,14923.0,17.02,61274.0,16.25,,,,,,,,,,,
WIPRO.NS,2020-11-15,345.45,4.31,15097.0,16.86,61240.0,20.49,4.18,17.02,14923.0,16.25,276.5,-0.94,25.85,24.91,1.17,3.11,24.91
WIPRO.NS,2021-02-15,442.0,5.19,15670.0,17.75,61440.0,24.9,4.31,16.86,15097.0,20.49,345.45,5.28,22.66,27.94,3.8,20.42,27.94
WIPRO.NS,2021-05-16,498.45,5.42,16245.0,19.099999999999998,61935.0,26.1,5.19,17.75,15670.0,24.9,442.0,7.61,5.19,12.8,3.67,4.43,12.8
WIPRO.NS,2021-08-15,615.5,5.92,18467.0,20.84,65479.0,29.53,5.42,19.099999999999998,16245.0,26.1,498.45,9.11,14.34,23.45,13.68,9.23,23.45
WIPRO.NS,2021-11-15,660.05,5.35,19669.0,21.88,70051.0,30.17,5.92,20.84,18467.0,29.53,615.5,4.99,2.28,7.27,6.51,-9.63,7.27
M&M.NS,2020-08-15,614.45,-0.79,11969.0,-7.120000000000002,71650.0,-86.3,,,,,,,,,,,
M&M.NS,2020-11-15,631.35,1.09,19227.0,-8.83,66941.0,-71.5,-0.79,-7.120000000000002,11969.0,-86.3,614.45,24.02,-21.27,2.75,60.64,-237.97,2.75
M&M.NS,2021-02-15,908.55,5.67,21626.0,-4.7700000000000005,69137.0,-190.47,1.09,-8.83,19227.0,-71.5,631.35,-45.98,89.88,43.9,12.48,420.18,43.9
M&M.NS,2021-05-16,741.5,8.61,21456.0,14.579999999999998,74278.0,50.86,5.67,-4.7700000000000005,21626.0,-190.47,908.55,-405.66,387.28,-18.380000000000052,-0.79,51.85,-18.380000000000052
M&M.NS,2021-08-15,778.65,3.41,19172.0,18.779999999999998,81481.0,41.46,8.61,14.579999999999998,21456.0,50.86,741.5,28.81,-23.81,5.0,-10.65,-60.39,5.0
M&M.NS,2021-11-15,937.8,15.51,21470.0,33.2,83724.0,28.25,3.41,18.779999999999998,19172.0,41.46,778.65,76.78,-56.32,20.46,11.99,354.84,20.46
MARUTI.NS,2020-08-15,6588.2,-8.84,4111.0,133.49,60039.0,49.35,,,,,,,,,,,
MARUTI.NS,2020-11-15,6852.25,46.99,18756.0,134.45000000000002,61797.0,50.97,-8.84,133.49,4111.0,49.35,6588.2,0.72,3.31,4.03,356.24,-631.56,4.03
MARUTI.NS,2021-02-15,7568.5,66.1,23471.0,148.02,64546.0,51.13,46.99,134.45000000000002,18756.0,50.97,6852.25,10.09,0.35,10.44,25.14,40.67,10.44
MARUTI.NS,2021-05-16,6736.4,41.09,24034.0,145.34,70372.0,46.35,66.1,148.02,23471.0,51.13,7568.5,-1.81,-9.18,-10.99,2.4,-37.84,-10.99
MARUTI.NS,2021-08-15,7002.2,15.72,17776.0,169.9,84037.0,41.21,41.09,145.34,24034.0,46.35,6736.4,16.9,-12.96,3.9399999999999977,-26.04,-61.74,3.9399999999999977
MARUTI.NS,2021-11-15,7479.85,16.12,20551.0,139.03,85832.0,53.8,15.72,169.9,17776.0,41.21,7002.2,-18.17,25.0,6.829999999999998,15.61,2.54,6.829999999999998
TITAN.NS,2020-08-15,1104.15,-3.28,1979.0,9.51,17879.0,116.1,,,,,,,,,,,
TITAN.NS,2020-11-15,1286.8,1.97,4553.0,7.93,17771.0,162.27,-3.28,9.51,1979.0,116.1,1104.15,-16.61,33.16,16.549999999999997,130.07,-160.06,16.549999999999997
TITAN.NS,2021-02-15,1494.2,5.91,7619.0,8.5,18863.0,175.79,1.97,7.93,4553.0,162.27,1286.8,7.19,8.93,16.12,67.34,200.0,16.12
TITAN.NS,2021-05-16,1455.85,6.35,7494.0,10.950000000000001,21645.0,132.95,5.91,8.5,7619.0,175.79,1494.2,28.82,-31.39,-2.5700000000000003,-1.64,7.45,-2.5700000000000003
TITAN.NS,2021-08-15,1837.9,0.23,3473.0,14.46,23139.0,127.1,6.35,10.950000000000001,7494.0,132.95,1455.85,32.05,-5.81,26.24,-53.66,-96.38,26.24
TITAN.NS,2021-11-15,2539.5,7.2,7493.0,19.69,26079.0,128.97,0.23,14.46,3473.0,127.1,1837.9,36.17,2.0,38.17,115.75,3030.43,38.17
AXISBANK.NS,2020-08-15,435.85,3.9,9590.0,6.0,38021.0,72.64,,,,,,,,,,,
AXISBANK.NS,2020-11-15,613.15,6.0,8781.0,12.080000000000002,37321.0,50.76,3.9,6.0,9590.0,72.64,435.85,101.33,-60.64,40.69,-8.44,53.85,40.69
AXISBANK.NS,2021-02-15,750.4,4.3,8252.0,9.73,36180.0,77.12,6.0,12.080000000000002,8781.0,50.76,613.15,-19.45,41.83,22.38,-6.02,-28.33,22.38
AXISBANK.NS,2021-05-16,685.0,9.6,8077.0,23.799999999999997,34700.0,28.78,4.3,9.73,8252.0,77.12,750.4,144.6,-153.32,-8.719999999999999,-2.12,123.26,-8.719999999999999
AXISBANK.NS,2021-08-15,759.9,7.69,8367.0,27.59,33477.0,27.54,9.6,23.799999999999997,8077.0,28.78,685.0,15.92,-4.99,10.93,3.59,-19.9,10.93
AXISBANK.NS,2021-11-15,736.05,11.05,8598.0,32.64,33294.0,22.55,7.69,27.59,8367.0,27.54,759.9,18.3,-21.43,-3.129999999999999,2.76,43.69,-3.129999999999999
INFY.NS,2020-08-15,953.6,9.94,23665.0,40.0,92653.0,23.84,,,,,,,,,,,
INFY.NS,2020-11-15,1133.45,11.37,24570.0,41.93,94594.0,27.03,9.94,40.0,23665.0,23.84,953.6,4.82,14.03,18.85,3.82,14.39,18.85
INFY.NS,2021-02-15,1309.8,12.2,25927.0,43.66,97429.0,30.0,11.37,41.93,24570.0,27.03,1133.45,4.13,11.44,15.57,5.52,7.3,15.57
INFY.NS,2021-05-16,1316.4,11.91,26311.0,45.419999999999995,100473.0,28.98,12.2,43.66,25927.0,30.0,1309.8,4.03,-3.54,0.4900000000000002,1.48,-2.38,0.4900000000000002
INFY.NS,2021-08-15,1712.2,12.2,27896.0,47.68,104704.0,35.91,11.91,45.419999999999995,26311.0,28.98,1316.4,4.98,25.1,30.080000000000002,6.02,2.43,30.080000000000002
INFY.NS,2021-11-15,1780.2,12.89,29602.0,49.2,109736.0,36.18,12.2,47.68,27896.0,35.91,1712.2,3.19,0.78,3.9699999999999998,6.12,5.66,3.9699999999999998
INDUSINDBK.NS,2020-08-15,507.2,7.36,3853.0,51.019999999999996,16459.0,9.94,,,,,,,,,,,
INDUSINDBK.NS,2020-11-15,770.45,8.77,3899.0,39.57,16117.0,19.47,7.36,51.019999999999996,3853.0,9.94,507.2,-22.44,74.35,51.91,1.19,19.16,51.91
INDUSINDBK.NS,2021-02-15,1027.4,10.97,3835.0,31.650000000000002,15742.0,32.46,8.77,39.57,3899.0,19.47,770.45,-20.02,53.36,33.34,-1.64,25.09,33.34
INDUSINDBK.NS,2021-05-16,890.85,11.98,3885.0,39.080000000000005,15472.0,22.8,10.97,31.650000000000002,3835.0,32.46,1027.4,23.48,-36.74,-13.260000000000002,1.3,9.21,-13.260000000000002
INDUSINDBK.NS,2021-08-15,1024.15,13.13,4011.0,44.849999999999994,15630.0,22.84,11.98,39.080000000000005,3885.0,22.8,890.85,14.76,0.2,14.959999999999999,3.24,9.6,14.959999999999999
INDUSINDBK.NS,2021-11-15,1037.05,14.81,3992.0,50.89,15723.0,20.38,13.13,44.849999999999994,4011.0,22.84,1024.15,13.47,-12.22,1.25,-0.47,12.8,1.25
ASIANPAINT.NS,2020-08-15,1802.55,2.28,2923.0,23.65,18030.0,76.22,,,,,,,,,,,
ASIANPAINT.NS,2020-11-15,2184.6,8.66,5350.0,23.73,18329.0,92.06,2.28,23.65,2923.0,76.22,1802.55,0.34,20.85,21.19,83.03,279.82,21.19
ASIANPAINT.NS,2021-02-15,2486.1,12.91,6788.0,28.67,19697.0,86.71,8.66,23.73,5350.0,92.06,2184.6,20.82,-7.02,13.8,26.88,49.08,13.8
ASIANPAINT.NS,2021-05-16,2774.5,8.88,6651.0,32.73,21712.0,84.77,12.91,28.67,6788.0,86.71,2486.1,14.16,-2.55,11.61,-2.02,-31.22,11.61
ASIANPAINT.NS,2021-08-15,2988.7,5.93,5585.0,36.379999999999995,24374.0,82.15,8.88,32.73,6651.0,84.77,2774.5,11.15,-3.44,7.710000000000001,-16.03,-33.22,7.710000000000001
ASIANPAINT.NS,2021-11-15,3122.9,6.21,7096.0,33.93000000000001,26120.0,92.04,5.93,36.379999999999995,5585.0,82.15,2988.7,-6.73,11.23,4.5,27.05,4.72,4.5
