Type,Mar 2017,Mar 2018,Mar 2019,Mar 2020,Mar 2021,Mar 2022,Mar 2023,Latest,Stock,Max,Diff%
Sales,21953.0,24718.0,29525.0,32109.0,29081.0,27230.0,36845.0,,HDFC.NS,36845.0,0.0
Profit,12650.0,16207.0,22099.0,26193.0,24237.0,28252.0,32131.0,,HDFC.NS,32131.0,0.0
Sales,1966.0,1969.0,2082.0,2152.0,2239.0,2611.0,2425.0,,PFIZER.NS,2611.0,7.12
Profit,517.0,548.0,660.0,642.0,669.0,773.0,824.0,,PFIZER.NS,824.0,0.0
Sales,21603.0,33286.0,46966.0,37923.0,34579.0,51166.0,52711.0,,JINDALSTEL.NS,52711.0,0.0
Profit,-3043.0,-1864.0,-2802.0,-291.0,6078.0,9690.0,5266.0,,JINDALSTEL.NS,9690.0,45.66
Sales,8365.0,9076.0,10848.0,11291.0,9334.0,14130.0,16740.0,,GODREJIND.NS,16740.0,0.0
Profit,626.0,597.0,1086.0,1083.0,617.0,1282.0,1681.0,,GODREJIND.NS,1681.0,0.0
Sales,42768.0,43449.0,48340.0,49388.0,49257.0,60645.0,70937.0,,ITC.NS,70937.0,0.0
Profit,16026.0,17409.0,19150.0,20035.0,17938.0,20740.0,25866.0,,ITC.NS,25866.0,0.0
Sales,2646.0,2963.0,3783.0,3520.0,3177.0,3585.0,3772.0,,SUNTV.NS,3783.0,0.29
Profit,1551.0,1718.0,2185.0,1819.0,1941.0,2195.0,2278.0,,SUNTV.NS,2278.0,0.0
Sales,4064.0,3891.0,4946.0,5394.0,6969.0,8960.0,7768.0,,DIVISLAB.NS,8960.0,13.3
Profit,1395.0,1231.0,1855.0,1819.0,2666.0,3684.0,2369.0,,DIVISLAB.NS,3684.0,35.69
Sales,5935.0,6714.0,7594.0,9684.0,11535.0,12185.0,11898.0,,MUTHOOTFIN.NS,12185.0,2.36
Profit,1959.0,2942.0,3260.0,4260.0,5131.0,5410.0,4923.0,,MUTHOOTFIN.NS,5410.0,9.0
Sales,8828.0,11615.0,12153.0,11699.0,15370.0,25882.0,17667.0,,NMDC.NS,25882.0,31.74
Profit,4287.0,6176.0,7194.0,6114.0,8896.0,12974.0,7646.0,,NMDC.NS,12974.0,41.07
Sales,7543.0,9509.0,11499.0,8472.0,8956.0,14181.0,14255.0,,NATIONALUM.NS,14255.0,0.0
Profit,964.0,2039.0,2741.0,224.0,1316.0,3954.0,1845.0,,NATIONALUM.NS,3954.0,53.34
Sales,1745.0,1871.0,2107.0,2073.0,2194.0,2722.0,2777.0,,TTKPRESTIG.NS,2777.0,0.0
Profit,184.0,359.0,286.0,234.0,317.0,411.0,343.0,,TTKPRESTIG.NS,411.0,16.55
Sales,2445.0,2815.0,3078.0,2877.0,2768.0,3768.0,4481.0,,FINCABLES.NS,4481.0,0.0
Profit,504.0,549.0,610.0,512.0,631.0,787.0,649.0,,FINCABLES.NS,787.0,17.53
Sales,888.0,988.0,1151.0,1312.0,1128.0,1589.0,2346.0,,NAUKRI.NS,2346.0,0.0
Profit,5.0,585.0,716.0,-126.0,1602.0,14200.0,141.0,,NAUKRI.NS,14200.0,99.01
Sales,14910.0,16463.0,19564.0,23099.0,24775.0,23455.0,24855.0,,AUROPHARMA.NS,24855.0,0.0
Profit,3061.0,3241.0,3091.0,3743.0,7344.0,3373.0,2612.0,,AUROPHARMA.NS,7344.0,64.43
Sales,282506.0,322706.0,421624.0,396728.0,303849.0,491216.0,684829.0,,ONGC.NS,684829.0,0.0
Profit,41718.0,39208.0,54846.0,18962.0,30126.0,54091.0,43051.0,,ONGC.NS,54846.0,21.51
Sales,7256.0,8243.0,9617.0,11247.0,10560.0,14663.0,16612.0,,APOLLOHOSP.NS,16612.0,0.0
Profit,222.0,171.0,373.0,660.0,221.0,1578.0,1101.0,,APOLLOHOSP.NS,1578.0,30.23
Sales,958.0,1078.0,1209.0,1664.0,1938.0,2273.0,2368.0,,LUXIND.NS,2368.0,0.0
Profit,92.0,121.0,155.0,243.0,366.0,459.0,198.0,,LUXIND.NS,459.0,56.86
Sales,20234.0,19798.0,27660.0,28343.0,33066.0,35821.0,40925.0,,NIACL.NS,40925.0,0.0
Profit,1194.0,2722.0,677.0,1659.0,2060.0,178.0,1256.0,,NIACL.NS,2722.0,53.86
Sales,544.0,571.0,728.0,832.0,814.0,806.0,1003.0,,ASTRAZEN.NS,1003.0,0.0
Profit,36.0,44.0,73.0,114.0,127.0,83.0,134.0,,ASTRAZEN.NS,134.0,0.0
Sales,242132.0,187686.0,175763.0,195600.0,258306.0,243128.0,339690.0,,RAJESHEXPO.NS,339690.0,0.0
Profit,1303.0,1342.0,1346.0,1261.0,894.0,1038.0,1478.0,,RAJESHEXPO.NS,1478.0,0.0
Sales,501.0,616.0,846.0,993.0,1242.0,1543.0,1682.0,,ALKYLAMINE.NS,1682.0,0.0
Profit,74.0,96.0,130.0,260.0,401.0,302.0,309.0,,ALKYLAMINE.NS,401.0,22.94
Sales,103.0,126.0,150.0,147.0,151.0,212.0,254.0,254.0,PREMIERPOL.NS,254.0,0.0
Profit,6.0,7.0,6.0,9.0,11.0,14.0,15.0,19.0,PREMIERPOL.NS,19.0,0.0
Sales,117966.0,123104.0,146463.0,156949.0,164177.0,191754.0,225458.0,232081.0,TCS.NS,232081.0,0.0
Profit,34513.0,34092.0,41563.0,42248.0,43760.0,51687.0,56907.0,59120.0,TCS.NS,59120.0,0.0
Sales,7.0,20.0,61.0,108.0,195.0,298.0,338.0,338.0,5PAISA.NS,338.0,0.0
Profit,-16.0,-33.0,-25.0,-10.0,20.0,18.0,58.0,67.0,5PAISA.NS,67.0,0.0
Sales,47568.0,50569.0,60427.0,70676.0,75379.0,85651.0,101456.0,104288.0,HCLTECH.NS,104288.0,0.0
Profit,10542.0,11024.0,12622.0,13980.0,15853.0,16951.0,19488.0,19847.0,HCLTECH.NS,19847.0,0.0
Sales,440.0,770.0,778.0,748.0,1289.0,2292.0,3002.0,3099.0,ANGELONE.NS,3099.0,0.0
Profit,48.0,159.0,124.0,114.0,410.0,836.0,1192.0,1246.0,ANGELONE.NS,1246.0,0.0
Sales,5653.0,6226.0,7316.0,8678.0,8435.0,7959.0,9975.0,11126.0,FEDERALBNK.NS,11126.0,0.0
Profit,1342.0,1393.0,1960.0,2060.0,2209.0,2646.0,4263.0,4602.0,FEDERALBNK.NS,4602.0,0.0
Sales,55448.0,54487.0,59019.0,61138.0,61935.0,79312.0,90488.0,91790.0,WIPRO.NS,91790.0,0.0
Profit,11039.0,10242.0,11542.0,12252.0,13903.0,15141.0,14766.0,15211.0,WIPRO.NS,15211.0,0.0
Sales,1505.0,1770.0,2148.0,4562.0,4961.0,5157.0,6645.0,7136.0,BANDHANBNK.NS,7136.0,0.0
Profit,1704.0,2056.0,3013.0,4053.0,2949.0,129.0,2893.0,2675.0,BANDHANBNK.NS,4053.0,34.0
Sales,11898.0,15033.0,20005.0,24870.0,24143.0,30976.0,42840.0,44667.0,DMART.NS,44667.0,0.0
Profit,747.0,1222.0,1422.0,1745.0,1483.0,2064.0,3060.0,3082.0,DMART.NS,3082.0,0.0
Sales,6501.0,7306.0,9446.0,10879.0,12370.0,26109.0,33183.0,34241.0,LTIM.NS,34241.0,0.0
Profit,1236.0,1442.0,2028.0,2003.0,2588.0,5294.0,5792.0,5854.0,LTIM.NS,5854.0,0.0
Sales,38042.0,42381.0,53713.0,62137.0,59248.0,58584.0,77780.0,87376.0,HDFCBANK.NS,87376.0,0.0
Profit,23393.0,28464.0,34318.0,38195.0,42796.0,50873.0,61498.0,65272.0,HDFCBANK.NS,65272.0,0.0
Sales,7520.0,6912.0,11163.0,11517.0,12183.0,16026.0,17876.0,18441.0,ICICIGI.NS,18441.0,0.0
Profit,910.0,1196.0,1598.0,1697.0,1954.0,1684.0,2113.0,2167.0,ICICIGI.NS,2167.0,0.0
Sales,37816.0,38832.0,41463.0,21025.0,83182.0,62305.0,49404.0,74399.0,ICICIPRULI.NS,83182.0,10.56
Profit,1863.0,1839.0,1274.0,1198.0,1219.0,961.0,1085.0,1100.0,ICICIPRULI.NS,1863.0,40.96
Sales,8343.0,9783.0,13415.0,16724.0,15472.0,15822.0,18776.0,20582.0,INDUSINDBK.NS,20582.0,0.0
Profit,4360.0,5481.0,4980.0,6177.0,3929.0,6433.0,9932.0,10592.0,INDUSINDBK.NS,10592.0,0.0
Sales,1491.0,1839.0,5116.0,5357.0,4705.0,5880.0,6223.0,8122.0,NETWORK18.NS,8122.0,0.0
Profit,-261.0,-111.0,-231.0,143.0,512.0,939.0,-16.0,-28.0,NETWORK18.NS,939.0,102.98
Sales,5500.0,6770.0,7986.0,8830.0,8792.0,12204.0,14108.0,15261.0,POLYCAB.NS,15261.0,0.0
Profit,361.0,567.0,756.0,1010.0,1056.0,1188.0,1707.0,1943.0,POLYCAB.NS,1943.0,0.0
Sales,8221.0,6707.0,8366.0,6083.0,5414.0,5717.0,5695.0,5676.0,DLF.NS,8366.0,32.15
Profit,1030.0,8615.0,646.0,653.0,840.0,1165.0,1502.0,1530.0,DLF.NS,8615.0,82.24
Sales,6130.0,8116.0,10073.0,9440.0,10457.0,13938.0,16911.0,17500.0,HAVELLS.NS,17500.0,0.0
Profit,723.0,965.0,1147.0,904.0,1438.0,1607.0,1447.0,1502.0,HAVELLS.NS,1607.0,6.53
Sales,30647.0,32260.0,38857.0,29380.0,71528.0,67126.0,70207.0,86888.0,HDFCLIFE.NS,86888.0,0.0
Profit,1061.0,1300.0,1291.0,1463.0,1629.0,1487.0,1441.0,1503.0,HDFCLIFE.NS,1629.0,7.73
Sales,33162.0,35545.0,39310.0,39783.0,47028.0,52446.0,60580.0,61452.0,HINDUNILVR.NS,61452.0,0.0
Profit,6467.0,7306.0,8604.0,9165.0,10605.0,11879.0,13344.0,13603.0,HINDUNILVR.NS,13603.0,0.0
Sales,68484.0,70522.0,82675.0,90791.0,100472.0,121641.0,146767.0,150230.0,INFY.NS,150230.0,0.0
Profit,19951.0,20270.0,21041.0,22007.0,26628.0,30110.0,33322.0,34150.0,INFY.NS,34150.0,0.0
Sales,1403.0,1861.0,1725.0,1721.0,2586.0,3435.0,3416.0,3557.0,ISEC.NS,3557.0,0.0
Profit,522.0,852.0,757.0,753.0,1431.0,1853.0,1501.0,1498.0,ISEC.NS,1853.0,19.16
Sales,55604.0,71933.0,84757.0,73326.0,79839.0,146371.0,165960.0,170087.0,JSWSTEEL.NS,170087.0,0.0
Profit,5128.0,7651.0,11168.0,3013.0,12015.0,29745.0,5655.0,7854.0,JSWSTEEL.NS,29745.0,73.6
Sales,8818.0,8591.0,9341.0,9325.0,8131.0,9712.0,10612.0,10860.0,MCDOWELL-N.NS,10860.0,0.0
Profit,163.0,912.0,1012.0,1160.0,540.0,1087.0,1279.0,1663.0,MCDOWELL-N.NS,1663.0,0.0
Sales,25375.0,30979.0,41462.0,42430.0,44726.0,52599.0,63240.0,65813.0,ULTRACEMCO.NS,65813.0,0.0
Profit,3872.0,3301.0,3468.0,5183.0,8001.0,8524.0,7416.0,7390.0,ULTRACEMCO.NS,8524.0,13.3
Sales,15062.0,16825.0,19240.0,20211.0,21713.0,29101.0,34489.0,35064.0,ASIANPAINT.NS,35064.0,0.0
Profit,2960.0,3138.0,3306.0,3629.0,4304.0,4188.0,5689.0,6387.0,ASIANPAINT.NS,6387.0,0.0
Sales,496.0,827.0,1607.0,2377.0,2585.0,2688.0,3780.0,4148.0,AUBANK.NS,4148.0,0.0
Profit,822.0,443.0,580.0,914.0,1458.0,1454.0,1865.0,2022.0,AUBANK.NS,2022.0,0.0
Sales,21755.0,25210.0,30358.0,29919.0,27741.0,33145.0,36455.0,38762.0,BAJAJ-AUTO.NS,38762.0,0.0
Profit,5588.0,5933.0,6956.0,6692.0,6241.0,7652.0,7842.0,8492.0,BAJAJ-AUTO.NS,8492.0,0.0
Sales,31540.0,29113.0,32339.0,35817.0,45182.0,43035.0,52990.0,57931.0,CANBK.NS,57931.0,0.0
Profit,1746.0,-6408.0,-2111.0,-1514.0,3882.0,9145.0,14427.0,16398.0,CANBK.NS,16398.0,0.0
Sales,1568.0,1870.0,2075.0,2124.0,2194.0,2429.0,2478.0,2220.0,HDFCAMC.NS,2478.0,10.41
Profit,800.0,1058.0,1375.0,1653.0,1749.0,1855.0,1871.0,2057.0,HDFCAMC.NS,2057.0,0.0
Sales,34836.0,34262.0,39178.0,44666.0,42659.0,41167.0,50543.0,55822.0,ICICIBANK.NS,55822.0,0.0
Profit,13809.0,10978.0,7408.0,18589.0,25884.0,34241.0,47255.0,51617.0,ICICIBANK.NS,51617.0,0.0
Sales,3815.0,4535.0,5765.0,6485.0,4941.0,7710.0,14146.0,14359.0,IGL.NS,14359.0,0.0
Profit,904.0,1096.0,1269.0,1556.0,1422.0,1953.0,2122.0,2172.0,IGL.NS,2172.0,0.0
Sales,4173.0,3750.0,4291.0,4739.0,4340.0,4101.0,4609.0,4914.0,J&KBANK.NS,4914.0,0.0
Profit,-1507.0,121.0,659.0,-1144.0,537.0,746.0,1786.0,2001.0,J&KBANK.NS,2001.0,0.0
Sales,2583.0,3018.0,3563.0,3927.0,3312.0,4396.0,5158.0,5238.0,JUBLFOOD.NS,5238.0,0.0
Profit,88.0,303.0,490.0,403.0,306.0,563.0,489.0,394.0,JUBLFOOD.NS,563.0,30.02
Sales,11458.0,12467.0,15187.0,15901.0,12967.0,11554.0,14411.0,16240.0,KOTAKBANK.NS,16240.0,0.0
Profit,7332.0,9158.0,10576.0,11422.0,13168.0,15948.0,19646.0,21547.0,KOTAKBANK.NS,21547.0,0.0
Sales,1631.0,1941.0,2292.0,2410.0,2359.0,2653.0,2783.0,2854.0,RELAXO.NS,2854.0,0.0
Profit,178.0,244.0,268.0,292.0,391.0,311.0,210.0,232.0,RELAXO.NS,391.0,40.66
Sales,303954.0,390823.0,568337.0,596679.0,466307.0,698672.0,877835.0,867612.0,RELIANCE.NS,877835.0,1.16
Profit,40034.0,49426.0,55227.0,53606.0,55461.0,84142.0,94464.0,91902.0,RELIANCE.NS,94464.0,2.71
Sales,4822.0,5589.0,7100.0,7209.0,8400.0,12434.0,14870.0,14314.0,SRF.NS,14870.0,3.74
Profit,657.0,582.0,818.0,1018.0,1612.0,2586.0,2824.0,2468.0,SRF.NS,2824.0,12.61
Sales,12714.0,8116.0,5025.0,2973.0,3346.0,6582.0,5971.0,5941.0,SUZLON.NS,12714.0,53.27
Profit,912.0,-391.0,-1543.0,-2684.0,105.0,0.0,2892.0,516.0,SUZLON.NS,2892.0,82.16
Sales,112299.0,123249.0,157669.0,148972.0,156477.0,243959.0,243353.0,239412.0,TATASTEEL.NS,243959.0,1.86
Profit,-1391.0,21135.0,15841.0,-1380.0,13844.0,50227.0,18235.0,8184.0,TATASTEEL.NS,50227.0,83.71
Sales,47.0,47.0,203.0,91.0,91.0,136.0,187.0,205.0,TIPSINDLTD.NS,205.0,0.0
Profit,4.0,4.0,7.0,14.0,59.0,89.0,106.0,119.0,TIPSINDLTD.NS,119.0,0.0
Sales,72225.0,91866.0,92048.0,84447.0,88021.0,132732.0,147308.0,142419.0,VEDL.NS,147308.0,3.32
Profit,13652.0,19569.0,13560.0,-8259.0,17213.0,32964.0,20276.0,17102.0,VEDL.NS,32964.0,48.12
Sales,10627.0,12529.0,19811.0,19258.0,12611.0,12528.0,14800.0,15962.0,YESBANK.NS,19811.0,19.43
Profit,5053.0,6205.0,2349.0,-20838.0,-4762.0,1434.0,981.0,1025.0,YESBANK.NS,6205.0,83.48
Sales,2457.0,2842.0,2984.0,4400.0,6448.0,10697.0,12192.0,12608.0,DIXON.NS,12608.0,0.0
Profit,66.0,88.0,94.0,157.0,217.0,255.0,345.0,373.0,DIXON.NS,373.0,0.0
Sales,109312.0,119683.0,135220.0,145452.0,135979.0,156521.0,183341.0,195370.0,LT.NS,195370.0,0.0
Profit,8887.0,11639.0,14305.0,14086.0,16918.0,14495.0,17109.0,18513.0,LT.NS,18513.0,0.0
Sales,30548.0,34068.0,44604.0,43798.0,81913.0,82983.0,80636.0,103725.0,SBILIFE.NS,103725.0,0.0
Profit,1154.0,1422.0,1642.0,1790.0,1640.0,1687.0,1906.0,2038.0,SBILIFE.NS,2038.0,0.0
Sales,269693.0,291550.0,301938.0,261068.0,249795.0,278454.0,345967.0,376268.0,TATAMOTORS.NS,376268.0,0.0
Profit,9315.0,11155.0,-31371.0,-10580.0,-10474.0,-7003.0,3058.0,11178.0,TATAMOTORS.NS,11178.0,0.0
Sales,26789.0,27604.0,33883.0,37996.0,34627.0,34923.0,43389.0,47796.0,AXISBANK.NS,47796.0,0.0
Profit,5954.0,566.0,7592.0,5280.0,9750.0,18929.0,18621.0,20930.0,AXISBANK.NS,20930.0,0.0
Sales,24507.0,32862.0,42605.0,54351.0,60592.0,68406.0,82072.0,89463.0,BAJAJFINSV.NS,89463.0,0.0
Profit,4925.0,6099.0,8155.0,8302.0,9862.0,11271.0,16811.0,18343.0,BAJAJFINSV.NS,18343.0,0.0
Sales,3853.0,4696.0,6723.0,9608.0,9519.0,9855.0,12701.0,14016.0,BAJFINANCE.NS,14016.0,0.0
Profit,2817.0,3843.0,6179.0,7322.0,5992.0,9504.0,15528.0,16576.0,BAJFINANCE.NS,16576.0,0.0
Sales,201251.0,235895.0,298226.0,284572.0,230171.0,346791.0,473187.0,465090.0,BPCL.NS,473187.0,1.71
Profit,13700.0,14174.0,12905.0,3652.0,22432.0,16037.0,2821.0,24460.0,BPCL.NS,24460.0,0.0
Sales,14394.0,15156.0,16362.0,17132.0,19160.0,21763.0,22753.0,23707.0,CIPLA.NS,23707.0,0.0
Profit,1222.0,1669.0,2079.0,2178.0,3290.0,3493.0,4038.0,4438.0,CIPLA.NS,4438.0,0.0
Sales,3982.0,4188.0,4462.0,4525.0,4841.0,5100.0,5226.0,5353.0,COLPAL.NS,5353.0,0.0
Profit,851.0,983.0,1143.0,1043.0,1350.0,1409.0,1410.0,1496.0,COLPAL.NS,1496.0,0.0
Sales,14196.0,14281.0,15448.0,17517.0,19048.0,21545.0,24670.0,26195.0,DRREDDY.NS,26195.0,0.0
Profit,1554.0,1350.0,2336.0,1886.0,2884.0,3061.0,6048.0,6430.0,DRREDDY.NS,6430.0,0.0
Sales,778.0,856.0,1060.0,1038.0,1133.0,1876.0,3023.0,2823.0,FINEORG.NS,3023.0,6.62
Profit,121.0,151.0,234.0,216.0,162.0,352.0,841.0,765.0,FINEORG.NS,841.0,9.04
Sales,2908.0,2871.0,3128.0,3224.0,2926.0,3278.0,3252.0,3268.0,GLAXO.NS,3278.0,0.31
Profit,511.0,540.0,683.0,306.0,525.0,2093.0,839.0,857.0,GLAXO.NS,2093.0,59.05
Sales,1917.0,2185.0,2241.0,2197.0,1647.0,2159.0,2384.0,1941.0,JCHAC.NS,2384.0,18.58
Profit,118.0,151.0,132.0,118.0,43.0,23.0,-105.0,-157.0,JCHAC.NS,151.0,203.97
Sales,4427.0,4527.0,4959.0,4861.0,4984.0,5221.0,5698.0,5758.0,OFSS.NS,5758.0,0.0
Profit,1757.0,1840.0,2267.0,2252.0,2477.0,2528.0,2570.0,2598.0,OFSS.NS,2598.0,0.0
Sales,32722.0,33530.0,34656.0,36997.0,50805.0,46823.0,51817.0,56439.0,PNB.NS,56439.0,0.0
Profit,1540.0,-19849.0,-15370.0,827.0,4325.0,4826.0,5151.0,6279.0,PNB.NS,6279.0,0.0
Sales,8594.0,9833.0,12555.0,12868.0,13560.0,15010.0,17852.0,18502.0,SHREECEM.NS,18502.0,0.0
Profit,1531.0,1827.0,1146.0,1934.0,3004.0,2892.0,1495.0,1820.0,SHREECEM.NS,3004.0,39.41
Sales,4385.0,5833.0,7093.0,8485.0,9127.0,10059.0,11346.0,11644.0,SIS.NS,11644.0,0.0
Profit,110.0,187.0,210.0,289.0,483.0,344.0,285.0,295.0,SIS.NS,483.0,38.92
Sales,6780.0,6815.0,7252.0,9637.0,11602.0,12425.0,13783.0,14198.0,TATACONSUM.NS,14198.0,0.0
Profit,662.0,753.0,735.0,809.0,1311.0,1456.0,1794.0,1904.0,TATACONSUM.NS,1904.0,0.0
Sales,3041.0,3624.0,4448.0,5201.0,4881.0,6480.0,7870.0,8162.0,TEAMLEASE.NS,8162.0,0.0
Profit,52.0,73.0,96.0,83.0,89.0,46.0,115.0,113.0,TEAMLEASE.NS,115.0,1.74
Sales,29141.0,30773.0,34742.0,36868.0,37855.0,44646.0,53290.0,53741.0,TECHM.NS,53741.0,0.0
Profit,3853.0,4879.0,5543.0,5058.0,5953.0,7452.0,6446.0,5931.0,TECHM.NS,7452.0,20.41
Sales,764.0,798.0,844.0,1103.0,900.0,1039.0,1188.0,1161.0,SYMPHONY.NS,1188.0,2.27
Profit,235.0,265.0,130.0,230.0,131.0,168.0,152.0,144.0,SYMPHONY.NS,265.0,45.66
Sales,109.0,607.0,725.0,1070.0,1078.0,1039.0,1467.0,1656.0,UJJIVANSFB.NS,1656.0,0.0
Profit,1.0,9.0,199.0,466.0,10.0,-550.0,1467.0,1628.0,UJJIVANSFB.NS,1628.0,0.0
Sales,842.0,420.0,431.0,435.0,457.0,484.0,522.0,477.0,BAJAJHLDNG.NS,842.0,43.35
Profit,630.0,2739.0,3170.0,3314.0,3766.0,4226.0,5012.0,5462.0,BAJAJHLDNG.NS,5462.0,0.0
Sales,6085.0,6621.0,6826.0,6743.0,13954.0,27717.0,28382.0,28560.0,INDUSTOWER.NS,28560.0,0.0
Profit,3580.0,3529.0,3553.0,3788.0,4757.0,8431.0,2759.0,3926.0,INDUSTOWER.NS,8431.0,53.43
Sales,912.0,1057.0,1203.0,1330.0,1581.0,2087.0,2017.0,2055.0,LALPATHLAB.NS,2087.0,1.53
Profit,237.0,261.0,301.0,310.0,394.0,475.0,344.0,380.0,LALPATHLAB.NS,475.0,20.0
Sales,1923.0,2751.0,2450.0,2358.0,3626.0,4298.0,4178.0,4921.0,MOTILALOFS.NS,4921.0,0.0
Profit,506.0,829.0,378.0,285.0,1458.0,1616.0,1242.0,1797.0,MOTILALOFS.NS,1797.0,0.0
Sales,1435.0,1735.0,1647.0,1192.0,1419.0,1533.0,1512.0,1388.0,NAM-INDIA.NS,1735.0,20.0
Profit,581.0,656.0,700.0,560.0,877.0,989.0,928.0,1083.0,NAM-INDIA.NS,1083.0,0.0
Sales,460.0,684.0,964.0,1150.0,1396.0,1421.0,1617.0,1768.0,EQUITASBNK.NS,1768.0,0.0
Profit,161.0,49.0,324.0,377.0,511.0,378.0,769.0,894.0,EQUITASBNK.NS,894.0,0.0
Sales,355379.0,421492.0,528158.0,483763.0,363950.0,589336.0,841756.0,816892.0,IOC.NS,841756.0,2.95
Profit,27956.0,34450.0,25927.0,-7177.0,30751.0,34289.0,15038.0,33144.0,IOC.NS,34450.0,3.79
Sales,5918.0,6322.0,7334.0,7315.0,8048.0,9512.0,9764.0,9683.0,MARICO.NS,9764.0,0.83
Profit,1149.0,1117.0,1257.0,1374.0,1523.0,1601.0,1743.0,1811.0,MARICO.NS,1811.0,0.0
Sales,259.0,260.0,300.0,398.0,391.0,367.0,514.0,550.0,MCX.NS,550.0,0.0
Profit,178.0,147.0,154.0,265.0,267.0,184.0,191.0,164.0,MCX.NS,267.0,38.58
Sales,82042.0,88083.0,100287.0,109464.0,111531.0,132669.0,176207.0,176105.0,NTPC.NS,176207.0,0.06
Profit,13426.0,16154.0,11255.0,21250.0,17390.0,22007.0,23917.0,25071.0,NTPC.NS,25071.0,0.0
Sales,2031.0,2978.0,4100.0,5321.0,4209.0,4225.0,3994.0,3986.0,PEL.NS,5321.0,25.09
Profit,1310.0,1964.0,2316.0,1982.0,3456.0,2405.0,5991.0,-1628.0,PEL.NS,5991.0,127.17
Sales,502.0,1480.0,2058.0,2549.0,3124.0,5133.0,7792.0,8333.0,ADANIGREEN.NS,8333.0,0.0
Profit,-184.0,-210.0,-585.0,-50.0,193.0,553.0,1426.0,1506.0,ADANIGREEN.NS,1506.0,0.0
Sales,2876.0,3944.0,7305.0,11416.0,9926.0,11258.0,13293.0,13825.0,ADANITRANS.NS,13825.0,0.0
Profit,532.0,1472.0,840.0,1107.0,1620.0,1700.0,1712.0,1853.0,ADANITRANS.NS,1853.0,0.0
Sales,4399.0,5847.0,6806.0,6669.0,6666.0,5576.0,6338.0,6168.0,BAJAJHIND.NS,6806.0,9.37
Profit,-98.0,-505.0,-134.0,-52.0,-294.0,-272.0,-138.0,-168.0,BAJAJHIND.NS,-52.0,-223.08
Sales,10435.0,11690.0,12085.0,9842.0,9716.0,11782.0,14929.0,15543.0,BOSCHLTD.NS,15543.0,0.0
Profit,2391.0,2041.0,2339.0,985.0,565.0,1500.0,1882.0,1977.0,BOSCHLTD.NS,2391.0,17.31
Sales,48552.0,54496.0,76190.0,72518.0,57372.0,92770.0,145668.0,140616.0,GAIL.NS,145668.0,3.47
Profit,5183.0,6928.0,9831.0,10429.0,7725.0,15464.0,7256.0,5309.0,GAIL.NS,15464.0,65.67
Sales,199.0,230.0,254.0,257.0,317.0,426.0,401.0,407.0,IEX.NS,426.0,4.46
Profit,174.0,200.0,232.0,228.0,282.0,400.0,389.0,396.0,IEX.NS,400.0,1.0
Sales,10891.0,10851.0,12167.0,13798.0,23439.0,22129.0,24717.0,26443.0,INDIANB.NS,26443.0,0.0
Profit,1060.0,1445.0,359.0,1377.0,3115.0,3253.0,5963.0,7049.0,INDIANB.NS,7049.0,0.0
Sales,68085.0,79809.0,86068.0,75660.0,70372.0,88330.0,117571.0,123398.0,MARUTI.NS,123398.0,0.0
Profit,10127.0,11167.0,10624.0,7103.0,5321.0,4697.0,10323.0,12207.0,MARUTI.NS,12207.0,0.0
Sales,25697.0,29954.0,35059.0,37744.0,39640.0,41616.0,45581.0,45724.0,POWERGRID.NS,45724.0,0.0
Profit,9457.0,13471.0,9147.0,14590.0,15501.0,19610.0,17702.0,17589.0,POWERGRID.NS,19610.0,10.31
Sales,233.0,292.0,516.0,600.0,690.0,1073.0,975.0,1000.0,ROSSARI.NS,1073.0,6.8
Profit,19.0,39.0,63.0,88.0,106.0,107.0,96.0,104.0,ROSSARI.NS,107.0,2.8
Sales,528.0,712.0,1009.0,1301.0,1043.0,1027.0,1648.0,1910.0,SBICARD.NS,1910.0,0.0
Profit,572.0,919.0,1335.0,1730.0,1324.0,2172.0,3031.0,2986.0,SBICARD.NS,3031.0,1.48
Sales,2012.0,2888.0,3775.0,4987.0,5050.0,10602.0,12096.0,12499.0,STARHEALTH.NS,12499.0,0.0
Profit,118.0,171.0,182.0,413.0,-1446.0,-1397.0,826.0,923.0,STARHEALTH.NS,923.0,0.0
Sales,16312.0,17378.0,21837.0,35756.0,38694.0,46240.0,53576.0,51718.0,UPL.NS,53576.0,3.47
Profit,1922.0,2305.0,1773.0,2764.0,4181.0,4966.0,5150.0,4024.0,UPL.NS,5150.0,21.86
Sales,2228.0,2657.0,3588.0,4592.0,4576.0,4298.0,5748.0,6624.0,CHOLAFIN.NS,6624.0,0.0
Profit,1107.0,1401.0,1832.0,1588.0,2048.0,2908.0,3615.0,3796.0,CHOLAFIN.NS,3796.0,0.0
Sales,12.3,20.05,20.66,17.66,177.54,19.22,,17.33,EQUITAS.NS,177.54,90.24
Profit,7.5,13.86,12.72,12.99,169.44,-61.02,,6.27,EQUITAS.NS,169.44,96.3
Sales,187493.0,219510.0,275491.0,269092.0,233248.0,349913.0,440709.0,438286.0,HINDPETRO.NS,440709.0,0.55
Profit,11197.0,10110.0,10039.0,1374.0,14197.0,9144.0,-9984.0,10894.0,HINDPETRO.NS,14197.0,23.27
Sales,18580.0,23021.0,28497.0,35756.0,14641.0,25931.0,54446.0,58274.0,INDIGO.NS,58274.0,0.0
Profit,2144.0,3127.0,-147.0,-256.0,-5818.0,-6154.0,-304.0,3851.0,INDIGO.NS,3851.0,0.0
Sales,545.0,647.0,761.0,856.0,998.0,1228.0,1148.0,1145.0,METROPOLIS.NS,1228.0,6.76
Profit,160.0,164.0,187.0,169.0,244.0,293.0,188.0,184.0,METROPOLIS.NS,293.0,37.2
Sales,1680.0,1889.0,2066.0,2121.0,2437.0,2866.0,2873.0,2857.0,SFL.NS,2873.0,0.56
Profit,178.0,193.0,189.0,256.0,324.0,296.0,273.0,275.0,SFL.NS,324.0,15.12
Sales,13261.0,16120.0,19779.0,21052.0,21644.0,28799.0,40575.0,43029.0,TITAN.NS,43029.0,0.0
Profit,973.0,1530.0,1957.0,2102.0,1327.0,2904.0,4447.0,4377.0,TITAN.NS,4447.0,1.57
Sales,1439.0,1571.0,1814.0,1986.0,2540.0,2752.0,2691.0,2721.0,VAIBHAVGBL.NS,2752.0,1.13
Profit,66.0,129.0,188.0,236.0,344.0,271.0,141.0,157.0,VAIBHAVGBL.NS,344.0,54.36
Sales,1252.0,1410.0,1785.0,1714.0,619.0,1290.0,2082.0,2128.0,VIPIND.NS,2128.0,0.0
Profit,126.0,190.0,215.0,148.0,-125.0,86.0,197.0,174.0,VIPIND.NS,215.0,19.07
Sales,143.0,193.0,255.0,356.0,458.0,478.0,591.0,643.0,AAVAS.NS,643.0,0.0
Profit,88.0,134.0,258.0,302.0,353.0,455.0,549.0,575.0,AAVAS.NS,575.0,0.0
Sales,36533.0,35924.0,40379.0,43403.0,39537.0,69420.0,136978.0,121572.0,ADANIENT.NS,136978.0,11.25
Profit,1079.0,487.0,459.0,1122.0,1086.0,952.0,3250.0,3696.0,ADANIENT.NS,3696.0,0.0
Sales,2572.0,2719.0,2918.0,2662.0,2421.0,3149.0,3802.0,3864.0,AKZOINDIA.NS,3864.0,0.0
Profit,337.0,478.0,316.0,323.0,278.0,367.0,456.0,500.0,AKZOINDIA.NS,500.0,0.0
Sales,95468.0,82639.0,80780.0,84676.0,100616.0,116547.0,139145.0,143780.0,BHARTIARTL.NS,143780.0,0.0
Profit,7723.0,3267.0,-1732.0,-43177.0,-3432.0,12483.0,16561.0,14822.0,BHARTIARTL.NS,16561.0,10.5
Sales,1009.0,1185.0,1352.0,1224.0,1224.0,1446.0,1804.0,1835.0,CERA.NS,1835.0,0.0
Profit,158.0,155.0,180.0,135.0,134.0,209.0,285.0,307.0,CERA.NS,307.0,0.0
Sales,191.0,241.0,393.0,419.0,512.0,685.0,936.0,890.0,CLEAN.NS,936.0,4.91
Profit,70.0,70.0,137.0,182.0,267.0,305.0,405.0,390.0,CLEAN.NS,405.0,3.7
Sales,7614.0,7722.0,8515.0,8685.0,9562.0,10889.0,11530.0,11838.0,DABUR.NS,11838.0,0.0
Profit,1611.0,1693.0,1725.0,1728.0,2056.0,2269.0,2219.0,2248.0,DABUR.NS,2269.0,0.93
Sales,7033.0,8965.0,9797.0,9154.0,8720.0,10298.0,14442.0,15031.0,EICHERMOT.NS,15031.0,0.0
Profit,2433.0,3116.0,3297.0,2355.0,1798.0,2203.0,3800.0,4219.0,EICHERMOT.NS,4219.0,0.0
Sales,2359.0,3062.0,3494.0,3446.0,3211.0,3724.0,3292.0,3696.0,JMFINANCIL.NS,3724.0,0.75
Profit,972.0,1165.0,1283.0,1094.0,1067.0,1348.0,953.0,924.0,JMFINANCIL.NS,1348.0,31.45
Sales,4053.0,4658.0,5424.0,5280.0,5074.0,6369.0,7543.0,7648.0,KANSAINER.NS,7648.0,0.0
Profit,765.0,787.0,697.0,667.0,712.0,476.0,635.0,1383.0,KANSAINER.NS,1383.0,0.0
Sales,1657.0,1797.0,2063.0,2395.0,2374.0,2859.0,3143.0,3339.0,RADICO.NS,3339.0,0.0
Profit,109.0,188.0,286.0,273.0,347.0,332.0,275.0,282.0,RADICO.NS,347.0,18.73
Sales,31578.0,26489.0,29066.0,32838.0,33498.0,38654.0,43886.0,45065.0,SUNPHARMA.NS,45065.0,0.0
Profit,9048.0,3479.0,3810.0,5010.0,2799.0,4481.0,9408.0,9605.0,SUNPHARMA.NS,9605.0,0.0
Sales,1371.0,1651.0,2700.0,4230.0,4360.0,6802.0,7972.0,7682.0,DEEPAKNTR.NS,7972.0,3.64
Profit,135.0,111.0,268.0,806.0,1042.0,1434.0,1146.0,1032.0,DEEPAKNTR.NS,1434.0,28.03
Sales,17367.0,15797.0,14665.0,15375.0,15163.0,16405.0,16642.0,17712.0,LUPIN.NS,17712.0,0.0
Profit,3543.0,547.0,1503.0,887.0,1676.0,-1372.0,716.0,1273.0,LUPIN.NS,3543.0,64.07
Sales,9054.0,9914.0,11055.0,11600.0,13136.0,14136.0,16301.0,16610.0,BRITANNIA.NS,16610.0,0.0
Profit,1304.0,1518.0,1768.0,1844.0,2514.0,2078.0,3033.0,3192.0,BRITANNIA.NS,3192.0,0.0
Sales,464.0,606.0,651.0,661.0,674.0,864.0,929.0,946.0,CAMS.NS,946.0,0.0
Profit,168.0,233.0,176.0,225.0,280.0,376.0,366.0,380.0,CAMS.NS,380.0,0.0
Sales,83773.0,92094.0,104721.0,75382.0,74278.0,90171.0,121269.0,126838.0,M&M.NS,126838.0,0.0
Profit,6350.0,10326.0,8871.0,1655.0,3158.0,9362.0,14060.0,15634.0,M&M.NS,15634.0,0.0
Sales,149115.0,146603.0,155867.0,161124.0,156010.0,156194.0,189981.0,206095.0,SBIN.NS,206095.0,0.0
Profit,945.0,-12245.0,5220.0,30317.0,32796.0,49739.0,75399.0,90341.0,SBIN.NS,90341.0,0.0
Sales,29596.0,29160.0,32506.0,50040.0,43201.0,38815.0,49942.0,55507.0,BANKBARODA.NS,55507.0,0.0
Profit,3024.0,-2106.0,1525.0,-1234.0,6373.0,10008.0,20573.0,23911.0,BANKBARODA.NS,23911.0,0.0
Sales,146.0,188.0,196.0,215.0,344.0,551.0,555.0,565.0,CDSL.NS,565.0,0.0
Profit,117.0,141.0,148.0,136.0,260.0,409.0,365.0,386.0,CDSL.NS,409.0,5.62
Sales,750.0,856.0,982.0,1074.0,1212.0,1347.0,1685.0,1753.0,ERIS.NS,1753.0,0.0
Profit,270.0,312.0,317.0,331.0,394.0,442.0,405.0,416.0,ERIS.NS,442.0,5.88
Sales,4658.0,4877.0,3892.0,3284.0,3302.0,4625.0,5787.0,5674.0,JPPOWER.NS,5787.0,1.95
Profit,-1748.0,-1867.0,-515.0,-1318.0,392.0,310.0,225.0,147.0,JPPOWER.NS,392.0,62.5
Sales,2803.0,2710.0,3167.0,3609.0,4261.0,4734.0,5140.0,5212.0,BAYERCROP.NS,5212.0,0.0
Profit,448.0,404.0,480.0,583.0,794.0,847.0,990.0,1014.0,BAYERCROP.NS,1014.0,0.0
Sales,402.0,540.0,649.0,863.0,1061.0,1269.0,1467.0,1516.0,CAPLIPOINT.NS,1516.0,0.0
Profit,121.0,188.0,227.0,269.0,314.0,386.0,451.0,473.0,CAPLIPOINT.NS,473.0,0.0
Sales,2488.0,2531.0,2695.0,2655.0,2881.0,3187.0,3406.0,3458.0,EMAMILTD.NS,3458.0,0.0
Profit,424.0,393.0,403.0,374.0,569.0,688.0,670.0,735.0,EMAMILTD.NS,735.0,0.0
Sales,1479.0,1620.0,2044.0,2633.0,3463.0,4401.0,3617.0,3644.0,GLAND.NS,4401.0,17.2
Profit,578.0,502.0,686.0,993.0,1335.0,1619.0,1048.0,994.0,GLAND.NS,1619.0,38.6
Sales,9268.0,9847.0,10314.0,9911.0,11029.0,12276.0,13316.0,13640.0,GODREJCP.NS,13640.0,0.0
Profit,1687.0,2039.0,2085.0,1760.0,2080.0,2155.0,2133.0,2158.0,GODREJCP.NS,2158.0,0.0
Sales,289.0,411.0,536.0,625.0,723.0,906.0,1073.0,1126.0,INDIGOPNTS.NS,1126.0,0.0
Profit,-18.0,2.0,34.0,67.0,98.0,114.0,156.0,171.0,INDIGOPNTS.NS,171.0,0.0
Sales,5816.0,5950.0,7673.0,7939.0,8005.0,8508.0,9620.0,9864.0,TORNTPHARM.NS,9864.0,0.0
Profit,1088.0,931.0,562.0,1187.0,1526.0,1226.0,1847.0,1846.0,TORNTPHARM.NS,1847.0,0.05
Sales,1393.0,1516.0,1957.0,2864.0,3072.0,2995.0,4421.0,4790.0,UJJIVAN.NS,4790.0,0.0
Profit,322.0,45.0,204.0,416.0,-319.0,-304.0,1531.0,1558.0,UJJIVAN.NS,1558.0,0.0
Sales,3941.0,4832.0,5398.0,5993.0,5900.0,5993.0,6210.0,6149.0,WHIRLPOOL.NS,6210.0,0.98
Profit,468.0,541.0,626.0,653.0,451.0,304.0,247.0,221.0,WHIRLPOOL.NS,653.0,66.16
Sales,8439.0,11323.0,10925.0,11873.0,12550.0,17119.0,20852.0,22041.0,ADANIPORTS.NS,22041.0,0.0
Profit,4179.0,5234.0,5126.0,4244.0,6292.0,5717.0,5489.0,6874.0,ADANIPORTS.NS,6874.0,0.0
Sales,100184.0,115183.0,130542.0,118144.0,132008.0,195059.0,223202.0,218175.0,HINDALCO.NS,223202.0,2.25
Profit,3315.0,8157.0,8083.0,5924.0,6206.0,19103.0,13241.0,10470.0,HINDALCO.NS,19103.0,45.19
Sales,252.0,296.0,337.0,426.0,385.0,372.0,476.0,511.0,TASTYBITE.NS,511.0,0.0
Profit,34.0,41.0,47.0,53.0,53.0,14.0,41.0,59.0,TASTYBITE.NS,59.0,0.0
Sales,2903.0,3298.0,3679.0,4093.0,4310.0,4913.0,5349.0,5524.0,ABBOTINDIA.NS,5524.0,0.0
Profit,436.0,621.0,699.0,803.0,926.0,1080.0,1274.0,1389.0,ABBOTINDIA.NS,1389.0,0.0
Sales,2474.0,2634.0,2931.0,3056.0,1708.0,2388.0,3452.0,3467.0,BATAINDIA.NS,3467.0,0.0
Profit,234.0,337.0,478.0,487.0,-117.0,140.0,430.0,414.0,BATAINDIA.NS,487.0,14.99
Sales,4552.0,5166.0,6062.0,6366.0,6818.0,8762.0,10568.0,10838.0,BERGEPAINT.NS,10838.0,0.0
Profit,703.0,705.0,765.0,883.0,979.0,1122.0,1162.0,1296.0,BERGEPAINT.NS,1296.0,0.0
Sales,1520.0,1466.0,1870.0,2264.0,777.0,1879.0,3541.0,3691.0,IRCTC.NS,3691.0,0.0
Profit,355.0,346.0,479.0,730.0,258.0,885.0,1354.0,1337.0,IRCTC.NS,1354.0,1.26
Sales,2277.0,2277.0,2841.0,3366.0,4577.0,5300.0,6492.0,6859.0,PIIND.NS,6859.0,0.0
Profit,510.0,466.0,538.0,614.0,938.0,1033.0,1444.0,1576.0,PIIND.NS,1576.0,0.0
Sales,27588.0,26840.0,29881.0,29136.0,32703.0,42816.0,55109.0,55827.0,TATAPOWER.NS,55827.0,0.0
Profit,1450.0,2773.0,3693.0,1958.0,1941.0,2535.0,5457.0,5870.0,TATAPOWER.NS,5870.0,0.0
Sales,73.0,121.0,606.0,584.0,574.0,948.0,912.0,854.0,VALIANTORG.NS,948.0,9.92
Profit,18.0,25.0,171.0,165.0,152.0,137.0,100.0,95.0,VALIANTORG.NS,171.0,44.44
Sales,2086.0,2326.0,2594.0,2503.0,2721.0,3500.0,4126.0,4322.0,VGUARD.NS,4322.0,0.0
Profit,204.0,180.0,220.0,250.0,288.0,294.0,256.0,270.0,VGUARD.NS,294.0,8.16
Sales,6434.0,6686.0,7934.0,8130.0,7730.0,8189.0,8088.0,8233.0,ZEEL.NS,8233.0,0.0
Profit,2901.0,2319.0,2434.0,956.0,1256.0,1416.0,471.0,255.0,ZEEL.NS,2901.0,91.21
Sales,2363.0,2556.0,2809.0,2765.0,2420.0,3078.0,3733.0,3821.0,3MINDIA.NS,3821.0,0.0
Profit,369.0,480.0,497.0,320.0,202.0,360.0,561.0,610.0,3MINDIA.NS,610.0,0.0
Sales,2616.0,3393.0,3488.0,4115.0,4101.0,5036.0,5087.0,5071.0,AVANTIFEED.NS,5087.0,0.31
Profit,337.0,704.0,428.0,485.0,510.0,324.0,427.0,484.0,AVANTIFEED.NS,704.0,31.25
Sales,3891.0,4123.0,5514.0,6300.0,7143.0,8184.0,11174.0,12457.0,BIOCON.NS,12457.0,0.0
Profit,850.0,610.0,1215.0,1186.0,1068.0,983.0,897.0,884.0,BIOCON.NS,1215.0,27.24
Sales,26776.0,38198.0,44928.0,50345.0,48583.0,49585.0,46638.0,45158.0,GICRE.NS,50345.0,10.3
Profit,3770.0,3630.0,3854.0,-366.0,3069.0,3755.0,8031.0,8159.0,GICRE.NS,8159.0,0.0
Sales,36068.0,55894.0,77200.0,68252.0,76404.0,95701.0,117627.0,120651.0,GRASIM.NS,120651.0,0.0
Profit,5952.0,5635.0,5163.0,6554.0,10009.0,13143.0,14727.0,14296.0,GRASIM.NS,14727.0,2.93
Sales,28610.0,32458.0,33971.0,29254.0,30959.0,29551.0,34158.0,34562.0,HEROMOTOCO.NS,34562.0,0.0
Profit,4885.0,5292.0,5104.0,4611.0,3849.0,3058.0,3864.0,4057.0,HEROMOTOCO.NS,5292.0,23.34
Sales,2410.0,2690.0,3175.0,3290.0,3043.0,2948.0,3448.0,3594.0,HONAUT.NS,3594.0,0.0
Profit,307.0,381.0,555.0,687.0,618.0,458.0,591.0,593.0,HONAUT.NS,687.0,13.68
Sales,2320.0,4503.0,4944.0,3271.0,1521.0,1445.0,587.0,631.0,IBREALEST.NS,4944.0,87.24
Profit,539.0,2694.0,844.0,378.0,75.0,-27.0,-563.0,-1196.0,IBREALEST.NS,2694.0,144.39
Sales,492068.0,522848.0,559986.0,615920.0,681605.0,720515.0,781543.0,802792.0,LICI.NS,802792.0,0.0
Profit,8573.0,9882.0,10425.0,9545.0,10895.0,11945.0,41700.0,50534.0,LICI.NS,50534.0,0.0
Sales,2129.0,2551.0,2852.0,2946.0,2833.0,3886.0,4789.0,4687.0,PAGEIND.NS,4789.0,2.13
Profit,395.0,518.0,606.0,462.0,453.0,709.0,758.0,694.0,PAGEIND.NS,758.0,8.44
Sales,5617.0,6078.0,7078.0,7294.0,7293.0,9921.0,11799.0,11973.0,PIDILITIND.NS,11973.0,0.0
Profit,1248.0,1359.0,1342.0,1470.0,1522.0,1614.0,1723.0,1894.0,PIDILITIND.NS,1894.0,0.0
Sales,44210.0,57496.0,66973.0,61664.0,69114.0,103477.0,104448.0,104778.0,SAIL.NS,104778.0,0.0
Profit,-4716.0,-527.0,3549.0,3302.0,7206.0,16292.0,2892.0,2133.0,SAIL.NS,16292.0,86.91
Sales,2119.0,2334.0,3086.0,3414.0,280.0,1331.0,3751.0,4075.0,PVRINOX.NS,4075.0,0.0
Profit,153.0,194.0,299.0,90.0,-939.0,-681.0,-209.0,-402.0,PVRINOX.NS,299.0,234.45
Sales,1237.0,1386.0,1597.0,1610.0,1826.0,2471.0,3145.0,3269.0,TATAELXSI.NS,3269.0,0.0
Profit,264.0,364.0,433.0,352.0,512.0,745.0,938.0,958.0,TATAELXSI.NS,958.0,0.0
